theme,sub_theme,topic,geography_type,geography,metric,sex,age,stratum,year,date,metric_value
infectious_disease,respiratory,COVID-19,Nation,England,COVID-19_cases_rateRollingMean,f,all,default,2024,2024-05-07,3.2100
infectious_disease,respiratory,COVID-19,Nation,England,COVID-19_cases_rateRollingMean,m,all,default,2024,2024-05-07,3.2200
infectious_disease,respiratory,COVID-19,Nation,England,COVID-19_cases_rateRollingMean,f,all,default,2024,2024-05-06,3.7000
infectious_disease,respiratory,COVID-19,Nation,England,COVID-19_cases_rateRollingMean,m,all,default,2024,2024-05-06,3.7100
infectious_disease,respiratory,COVID-19,Nation,England,COVID-19_cases_rateRollingMean,f,all,default,2024,2024-05-05,3.7800
infectious_disease,respiratory,COVID-19,Nation,England,COVID-19_cases_rateRollingMean,m,all,default,2024,2024-05-05,3.8400
infectious_disease,respiratory,COVID-19,Nation,England,COVID-19_cases_rateRollingMean,f,all,default,2024,2024-05-04,3.6700
infectious_disease,respiratory,COVID-19,Nation,England,COVID-19_cases_rateRollingMean,m,all,default,2024,2024-05-04,3.6600
infectious_disease,respiratory,COVID-19,Nation,England,COVID-19_cases_rateRollingMean,f,all,default,2024,2024-05-03,3.5100
infectious_disease,respiratory,COVID-19,Nation,England,COVID-19_cases_rateRollingMean,m,all,default,2024,2024-05-03,3.5500
infectious_disease,respiratory,COVID-19,Nation,England,COVID-19_cases_rateRollingMean,f,all,default,2024,2024-05-02,3.2100
infectious_disease,respiratory,COVID-19,Nation,England,COVID-19_cases_rateRollingMean,m,all,default,2024,2024-05-02,3.4600
infectious_disease,respiratory,COVID-19,Nation,England,COVID-19_cases_rateRollingMean,f,all,default,2024,2024-05-01,3.0000
infectious_disease,respiratory,COVID-19,Nation,England,COVID-19_cases_rateRollingMean,m,all,default,2024,2024-05-01,3.4300
infectious_disease,respiratory,COVID-19,Nation,England,COVID-19_cases_rateRollingMean,f,all,default,2024,2024-04-30,2.9100
infectious_disease,respiratory,COVID-19,Nation,England,COVID-19_cases_rateRollingMean,m,all,default,2024,2024-04-30,3.1500
infectious_disease,respiratory,COVID-19,Nation,England,COVID-19_cases_rateRollingMean,f,all,default,2024,2024-04-29,2.6900
infectious_disease,respiratory,COVID-19,Nation,England,COVID-19_cases_rateRollingMean,m,all,default,2024,2024-04-29,2.9900
infectious_disease,respiratory,COVID-19,Nation,England,COVID-19_cases_rateRollingMean,f,all,default,2024,2024-04-28,2.6800
infectious_disease,respiratory,COVID-19,Nation,England,COVID-19_cases_rateRollingMean,m,all,default,2024,2024-04-28,2.8500
infectious_disease,respiratory,COVID-19,Nation,England,COVID-19_cases_rateRollingMean,f,all,default,2024,2024-04-27,2.7400
infectious_disease,respiratory,COVID-19,Nation,England,COVID-19_cases_rateRollingMean,m,all,default,2024,2024-04-27,2.8400
infectious_disease,respiratory,COVID-19,Nation,England,COVID-19_cases_rateRollingMean,f,all,default,2024,2024-04-26,2.6300
infectious_disease,respiratory,COVID-19,Nation,England,COVID-19_cases_rateRollingMean,m,all,default,2024,2024-04-26,2.8300
infectious_disease,respiratory,COVID-19,Nation,England,COVID-19_cases_rateRollingMean,f,all,default,2024,2024-04-25,2.6100
infectious_disease,respiratory,COVID-19,Nation,England,COVID-19_cases_rateRollingMean,m,all,default,2024,2024-04-25,2.6700
infectious_disease,respiratory,COVID-19,Nation,England,COVID-19_cases_rateRollingMean,f,all,default,2024,2024-04-24,2.5800
infectious_disease,respiratory,COVID-19,Nation,England,COVID-19_cases_rateRollingMean,m,all,default,2024,2024-04-24,2.5400
infectious_disease,respiratory,COVID-19,Nation,England,COVID-19_cases_rateRollingMean,f,all,default,2024,2024-04-23,2.5000
infectious_disease,respiratory,COVID-19,Nation,England,COVID-19_cases_rateRollingMean,m,all,default,2024,2024-04-23,2.4700
infectious_disease,respiratory,COVID-19,Nation,England,COVID-19_cases_rateRollingMean,f,all,default,2024,2024-04-22,2.3700
infectious_disease,respiratory,COVID-19,Nation,England,COVID-19_cases_rateRollingMean,m,all,default,2024,2024-04-22,2.3400
infectious_disease,respiratory,COVID-19,Nation,England,COVID-19_cases_rateRollingMean,f,all,default,2024,2024-04-21,2.3100
infectious_disease,respiratory,COVID-19,Nation,England,COVID-19_cases_rateRollingMean,m,all,default,2024,2024-04-21,2.2800
infectious_disease,respiratory,COVID-19,Nation,England,COVID-19_cases_rateRollingMean,f,all,default,2024,2024-04-20,2.2500
infectious_disease,respiratory,COVID-19,Nation,England,COVID-19_cases_rateRollingMean,m,all,default,2024,2024-04-20,2.2400
infectious_disease,respiratory,COVID-19,Nation,England,COVID-19_cases_rateRollingMean,f,all,default,2024,2024-04-19,2.2600
infectious_disease,respiratory,COVID-19,Nation,England,COVID-19_cases_rateRollingMean,m,all,default,2024,2024-04-19,2.2100
infectious_disease,respiratory,COVID-19,Nation,England,COVID-19_cases_rateRollingMean,f,all,default,2024,2024-04-18,2.2500
infectious_disease,respiratory,COVID-19,Nation,England,COVID-19_cases_rateRollingMean,m,all,default,2024,2024-04-18,2.2400
infectious_disease,respiratory,COVID-19,Nation,England,COVID-19_cases_rateRollingMean,f,all,default,2024,2024-04-17,2.1900
infectious_disease,respiratory,COVID-19,Nation,England,COVID-19_cases_rateRollingMean,m,all,default,2024,2024-04-17,2.1600
infectious_disease,respiratory,COVID-19,Nation,England,COVID-19_cases_rateRollingMean,f,all,default,2024,2024-04-16,2.0700
infectious_disease,respiratory,COVID-19,Nation,England,COVID-19_cases_rateRollingMean,m,all,default,2024,2024-04-16,2.0600
infectious_disease,respiratory,COVID-19,Nation,England,COVID-19_cases_rateRollingMean,f,all,default,2024,2024-04-15,2.0600
infectious_disease,respiratory,COVID-19,Nation,England,COVID-19_cases_rateRollingMean,m,all,default,2024,2024-04-15,2.0500
infectious_disease,respiratory,COVID-19,Nation,England,COVID-19_cases_rateRollingMean,f,all,default,2024,2024-04-14,2.0500
infectious_disease,respiratory,COVID-19,Nation,England,COVID-19_cases_rateRollingMean,m,all,default,2024,2024-04-14,2.0300
infectious_disease,respiratory,COVID-19,Nation,England,COVID-19_cases_rateRollingMean,f,all,default,2024,2024-04-13,2.0300
infectious_disease,respiratory,COVID-19,Nation,England,COVID-19_cases_rateRollingMean,m,all,default,2024,2024-04-13,2.1000
infectious_disease,respiratory,COVID-19,Nation,England,COVID-19_cases_rateRollingMean,f,all,default,2024,2024-04-12,2.0500
infectious_disease,respiratory,COVID-19,Nation,England,COVID-19_cases_rateRollingMean,m,all,default,2024,2024-04-12,2.1100
infectious_disease,respiratory,COVID-19,Nation,England,COVID-19_cases_rateRollingMean,f,all,default,2024,2024-04-11,1.9900
infectious_disease,respiratory,COVID-19,Nation,England,COVID-19_cases_rateRollingMean,m,all,default,2024,2024-04-11,2.1200
infectious_disease,respiratory,COVID-19,Nation,England,COVID-19_cases_rateRollingMean,f,all,default,2024,2024-04-10,2.0800
infectious_disease,respiratory,COVID-19,Nation,England,COVID-19_cases_rateRollingMean,m,all,default,2024,2024-04-10,2.1000
infectious_disease,respiratory,COVID-19,Nation,England,COVID-19_cases_rateRollingMean,f,all,default,2024,2024-04-09,2.1600
infectious_disease,respiratory,COVID-19,Nation,England,COVID-19_cases_rateRollingMean,m,all,default,2024,2024-04-09,2.1800
infectious_disease,respiratory,COVID-19,Nation,England,COVID-19_cases_rateRollingMean,f,all,default,2024,2024-04-08,2.3000
infectious_disease,respiratory,COVID-19,Nation,England,COVID-19_cases_rateRollingMean,m,all,default,2024,2024-04-08,2.2800
infectious_disease,respiratory,COVID-19,Nation,England,COVID-19_cases_rateRollingMean,f,all,default,2024,2024-04-07,2.2600
infectious_disease,respiratory,COVID-19,Nation,England,COVID-19_cases_rateRollingMean,m,all,default,2024,2024-04-07,2.2300
infectious_disease,respiratory,COVID-19,Nation,England,COVID-19_cases_rateRollingMean,f,all,default,2024,2024-04-06,2.2900
infectious_disease,respiratory,COVID-19,Nation,England,COVID-19_cases_rateRollingMean,m,all,default,2024,2024-04-06,2.1700
infectious_disease,respiratory,COVID-19,Nation,England,COVID-19_cases_rateRollingMean,f,all,default,2024,2024-04-05,2.2600
infectious_disease,respiratory,COVID-19,Nation,England,COVID-19_cases_rateRollingMean,m,all,default,2024,2024-04-05,2.1300
infectious_disease,respiratory,COVID-19,Nation,England,COVID-19_cases_rateRollingMean,f,all,default,2024,2024-04-04,2.1800
infectious_disease,respiratory,COVID-19,Nation,England,COVID-19_cases_rateRollingMean,m,all,default,2024,2024-04-04,2.0800
infectious_disease,respiratory,COVID-19,Nation,England,COVID-19_cases_rateRollingMean,f,all,default,2024,2024-04-03,2.1600
infectious_disease,respiratory,COVID-19,Nation,England,COVID-19_cases_rateRollingMean,m,all,default,2024,2024-04-03,2.1000
infectious_disease,respiratory,COVID-19,Nation,England,COVID-19_cases_rateRollingMean,f,all,default,2024,2024-04-02,2.1500
infectious_disease,respiratory,COVID-19,Nation,England,COVID-19_cases_rateRollingMean,m,all,default,2024,2024-04-02,2.0300
infectious_disease,respiratory,COVID-19,Nation,England,COVID-19_cases_rateRollingMean,f,all,default,2024,2024-04-01,2.0300
infectious_disease,respiratory,COVID-19,Nation,England,COVID-19_cases_rateRollingMean,m,all,default,2024,2024-04-01,1.9000
infectious_disease,respiratory,COVID-19,Nation,England,COVID-19_cases_rateRollingMean,f,all,default,2024,2024-03-31,2.0400
infectious_disease,respiratory,COVID-19,Nation,England,COVID-19_cases_rateRollingMean,m,all,default,2024,2024-03-31,1.9200
infectious_disease,respiratory,COVID-19,Nation,England,COVID-19_cases_rateRollingMean,f,all,default,2024,2024-03-30,2.0100
infectious_disease,respiratory,COVID-19,Nation,England,COVID-19_cases_rateRollingMean,m,all,default,2024,2024-03-30,1.9400
infectious_disease,respiratory,COVID-19,Nation,England,COVID-19_cases_rateRollingMean,f,all,default,2024,2024-03-29,1.9900
infectious_disease,respiratory,COVID-19,Nation,England,COVID-19_cases_rateRollingMean,m,all,default,2024,2024-03-29,1.9700
infectious_disease,respiratory,COVID-19,Nation,England,COVID-19_cases_rateRollingMean,f,all,default,2024,2024-03-28,2.0600
infectious_disease,respiratory,COVID-19,Nation,England,COVID-19_cases_rateRollingMean,m,all,default,2024,2024-03-28,1.9900
infectious_disease,respiratory,COVID-19,Nation,England,COVID-19_cases_rateRollingMean,f,all,default,2024,2024-03-27,1.9500
infectious_disease,respiratory,COVID-19,Nation,England,COVID-19_cases_rateRollingMean,m,all,default,2024,2024-03-27,2.0100
infectious_disease,respiratory,COVID-19,Nation,England,COVID-19_cases_rateRollingMean,f,all,default,2024,2024-03-26,1.9000
infectious_disease,respiratory,COVID-19,Nation,England,COVID-19_cases_rateRollingMean,m,all,default,2024,2024-03-26,1.9900
infectious_disease,respiratory,COVID-19,Nation,England,COVID-19_cases_rateRollingMean,f,all,default,2024,2024-03-25,2.0000
infectious_disease,respiratory,COVID-19,Nation,England,COVID-19_cases_rateRollingMean,m,all,default,2024,2024-03-25,2.0700
infectious_disease,respiratory,COVID-19,Nation,England,COVID-19_cases_rateRollingMean,f,all,default,2024,2024-03-24,2.0100
infectious_disease,respiratory,COVID-19,Nation,England,COVID-19_cases_rateRollingMean,m,all,default,2024,2024-03-24,2.1500
infectious_disease,respiratory,COVID-19,Nation,England,COVID-19_cases_rateRollingMean,f,all,default,2024,2024-03-23,2.0300
infectious_disease,respiratory,COVID-19,Nation,England,COVID-19_cases_rateRollingMean,m,all,default,2024,2024-03-23,2.1000
infectious_disease,respiratory,COVID-19,Nation,England,COVID-19_cases_rateRollingMean,f,all,default,2024,2024-03-22,2.0600
infectious_disease,respiratory,COVID-19,Nation,England,COVID-19_cases_rateRollingMean,m,all,default,2024,2024-03-22,2.0800
infectious_disease,respiratory,COVID-19,Nation,England,COVID-19_cases_rateRollingMean,f,all,default,2024,2024-03-21,2.1500
infectious_disease,respiratory,COVID-19,Nation,England,COVID-19_cases_rateRollingMean,m,all,default,2024,2024-03-21,2.1300
infectious_disease,respiratory,COVID-19,Nation,England,COVID-19_cases_rateRollingMean,f,all,default,2024,2024-03-20,2.2900
infectious_disease,respiratory,COVID-19,Nation,England,COVID-19_cases_rateRollingMean,m,all,default,2024,2024-03-20,2.1900
infectious_disease,respiratory,COVID-19,Nation,England,COVID-19_cases_rateRollingMean,f,all,default,2024,2024-03-19,2.4800
infectious_disease,respiratory,COVID-19,Nation,England,COVID-19_cases_rateRollingMean,m,all,default,2024,2024-03-19,2.3500
infectious_disease,respiratory,COVID-19,Nation,England,COVID-19_cases_rateRollingMean,f,all,default,2024,2024-03-18,2.4000
infectious_disease,respiratory,COVID-19,Nation,England,COVID-19_cases_rateRollingMean,m,all,default,2024,2024-03-18,2.4100
infectious_disease,respiratory,COVID-19,Nation,England,COVID-19_cases_rateRollingMean,f,all,default,2024,2024-03-17,2.4900
infectious_disease,respiratory,COVID-19,Nation,England,COVID-19_cases_rateRollingMean,m,all,default,2024,2024-03-17,2.3600
infectious_disease,respiratory,COVID-19,Nation,England,COVID-19_cases_rateRollingMean,f,all,default,2024,2024-03-16,2.4600
infectious_disease,respiratory,COVID-19,Nation,England,COVID-19_cases_rateRollingMean,m,all,default,2024,2024-03-16,2.4600
infectious_disease,respiratory,COVID-19,Nation,England,COVID-19_cases_rateRollingMean,f,all,default,2024,2024-03-15,2.4000
infectious_disease,respiratory,COVID-19,Nation,England,COVID-19_cases_rateRollingMean,m,all,default,2024,2024-03-15,2.5300
infectious_disease,respiratory,COVID-19,Nation,England,COVID-19_cases_rateRollingMean,f,all,default,2024,2024-03-14,2.3000
infectious_disease,respiratory,COVID-19,Nation,England,COVID-19_cases_rateRollingMean,m,all,default,2024,2024-03-14,2.4400
infectious_disease,respiratory,COVID-19,Nation,England,COVID-19_cases_rateRollingMean,f,all,default,2024,2024-03-13,2.3100
infectious_disease,respiratory,COVID-19,Nation,England,COVID-19_cases_rateRollingMean,m,all,default,2024,2024-03-13,2.4200
infectious_disease,respiratory,COVID-19,Nation,England,COVID-19_cases_rateRollingMean,f,all,default,2024,2024-03-12,2.1700
infectious_disease,respiratory,COVID-19,Nation,England,COVID-19_cases_rateRollingMean,m,all,default,2024,2024-03-12,2.2900
infectious_disease,respiratory,COVID-19,Nation,England,COVID-19_cases_rateRollingMean,f,all,default,2024,2024-03-11,2.2300
infectious_disease,respiratory,COVID-19,Nation,England,COVID-19_cases_rateRollingMean,m,all,default,2024,2024-03-11,2.2000
infectious_disease,respiratory,COVID-19,Nation,England,COVID-19_cases_rateRollingMean,f,all,default,2024,2024-03-10,2.1600
infectious_disease,respiratory,COVID-19,Nation,England,COVID-19_cases_rateRollingMean,m,all,default,2024,2024-03-10,2.2500
infectious_disease,respiratory,COVID-19,Nation,England,COVID-19_cases_rateRollingMean,f,all,default,2024,2024-03-09,2.1700
infectious_disease,respiratory,COVID-19,Nation,England,COVID-19_cases_rateRollingMean,m,all,default,2024,2024-03-09,2.1700
infectious_disease,respiratory,COVID-19,Nation,England,COVID-19_cases_rateRollingMean,f,all,default,2024,2024-03-08,2.2500
infectious_disease,respiratory,COVID-19,Nation,England,COVID-19_cases_rateRollingMean,m,all,default,2024,2024-03-08,2.1400
infectious_disease,respiratory,COVID-19,Nation,England,COVID-19_cases_rateRollingMean,f,all,default,2024,2024-03-07,2.3100
infectious_disease,respiratory,COVID-19,Nation,England,COVID-19_cases_rateRollingMean,m,all,default,2024,2024-03-07,2.1400
infectious_disease,respiratory,COVID-19,Nation,England,COVID-19_cases_rateRollingMean,f,all,default,2024,2024-03-06,2.2300
infectious_disease,respiratory,COVID-19,Nation,England,COVID-19_cases_rateRollingMean,m,all,default,2024,2024-03-06,2.1100
infectious_disease,respiratory,COVID-19,Nation,England,COVID-19_cases_rateRollingMean,f,all,default,2024,2024-03-05,2.1200
infectious_disease,respiratory,COVID-19,Nation,England,COVID-19_cases_rateRollingMean,m,all,default,2024,2024-03-05,2.1100
infectious_disease,respiratory,COVID-19,Nation,England,COVID-19_cases_rateRollingMean,f,all,default,2024,2024-03-04,2.0700
infectious_disease,respiratory,COVID-19,Nation,England,COVID-19_cases_rateRollingMean,m,all,default,2024,2024-03-04,2.1500
infectious_disease,respiratory,COVID-19,Nation,England,COVID-19_cases_rateRollingMean,f,all,default,2024,2024-03-03,2.0100
infectious_disease,respiratory,COVID-19,Nation,England,COVID-19_cases_rateRollingMean,m,all,default,2024,2024-03-03,2.0600
infectious_disease,respiratory,COVID-19,Nation,England,COVID-19_cases_rateRollingMean,f,all,default,2024,2024-03-02,2.0400
infectious_disease,respiratory,COVID-19,Nation,England,COVID-19_cases_rateRollingMean,m,all,default,2024,2024-03-02,2.0600
infectious_disease,respiratory,COVID-19,Nation,England,COVID-19_cases_rateRollingMean,f,all,default,2024,2024-03-01,2.0900
infectious_disease,respiratory,COVID-19,Nation,England,COVID-19_cases_rateRollingMean,m,all,default,2024,2024-03-01,2.1300
infectious_disease,respiratory,COVID-19,Nation,England,COVID-19_cases_rateRollingMean,f,all,default,2024,2024-02-29,2.1200
infectious_disease,respiratory,COVID-19,Nation,England,COVID-19_cases_rateRollingMean,m,all,default,2024,2024-02-29,2.2100
infectious_disease,respiratory,COVID-19,Nation,England,COVID-19_cases_rateRollingMean,f,all,default,2024,2024-02-28,2.2400
infectious_disease,respiratory,COVID-19,Nation,England,COVID-19_cases_rateRollingMean,m,all,default,2024,2024-02-28,2.2600
infectious_disease,respiratory,COVID-19,Nation,England,COVID-19_cases_rateRollingMean,f,all,default,2024,2024-02-27,2.4600
infectious_disease,respiratory,COVID-19,Nation,England,COVID-19_cases_rateRollingMean,m,all,default,2024,2024-02-27,2.4300
infectious_disease,respiratory,COVID-19,Nation,England,COVID-19_cases_rateRollingMean,f,all,default,2024,2024-02-26,2.5800
infectious_disease,respiratory,COVID-19,Nation,England,COVID-19_cases_rateRollingMean,m,all,default,2024,2024-02-26,2.4700
infectious_disease,respiratory,COVID-19,Nation,England,COVID-19_cases_rateRollingMean,f,all,default,2024,2024-02-25,2.7600
infectious_disease,respiratory,COVID-19,Nation,England,COVID-19_cases_rateRollingMean,m,all,default,2024,2024-02-25,2.5500
infectious_disease,respiratory,COVID-19,Nation,England,COVID-19_cases_rateRollingMean,f,all,default,2024,2024-02-24,2.8800
infectious_disease,respiratory,COVID-19,Nation,England,COVID-19_cases_rateRollingMean,m,all,default,2024,2024-02-24,2.6400
infectious_disease,respiratory,COVID-19,Nation,England,COVID-19_cases_rateRollingMean,f,all,default,2024,2024-02-23,2.9800
infectious_disease,respiratory,COVID-19,Nation,England,COVID-19_cases_rateRollingMean,m,all,default,2024,2024-02-23,2.7200
infectious_disease,respiratory,COVID-19,Nation,England,COVID-19_cases_rateRollingMean,f,all,default,2024,2024-02-22,3.1800
infectious_disease,respiratory,COVID-19,Nation,England,COVID-19_cases_rateRollingMean,m,all,default,2024,2024-02-22,2.9600
infectious_disease,respiratory,COVID-19,Nation,England,COVID-19_cases_rateRollingMean,f,all,default,2024,2024-02-21,3.3100
infectious_disease,respiratory,COVID-19,Nation,England,COVID-19_cases_rateRollingMean,m,all,default,2024,2024-02-21,3.0900
infectious_disease,respiratory,COVID-19,Nation,England,COVID-19_cases_rateRollingMean,f,all,default,2024,2024-02-20,3.5700
infectious_disease,respiratory,COVID-19,Nation,England,COVID-19_cases_rateRollingMean,m,all,default,2024,2024-02-20,3.2500
infectious_disease,respiratory,COVID-19,Nation,England,COVID-19_cases_rateRollingMean,f,all,default,2024,2024-02-19,3.7800
infectious_disease,respiratory,COVID-19,Nation,England,COVID-19_cases_rateRollingMean,m,all,default,2024,2024-02-19,3.5900
infectious_disease,respiratory,COVID-19,Nation,England,COVID-19_cases_rateRollingMean,f,all,default,2024,2024-02-18,4.1000
infectious_disease,respiratory,COVID-19,Nation,England,COVID-19_cases_rateRollingMean,m,all,default,2024,2024-02-18,3.8900
infectious_disease,respiratory,COVID-19,Nation,England,COVID-19_cases_rateRollingMean,f,all,default,2024,2024-02-17,4.3900
infectious_disease,respiratory,COVID-19,Nation,England,COVID-19_cases_rateRollingMean,m,all,default,2024,2024-02-17,4.1100
infectious_disease,respiratory,COVID-19,Nation,England,COVID-19_cases_rateRollingMean,f,all,default,2024,2024-02-16,4.6300
infectious_disease,respiratory,COVID-19,Nation,England,COVID-19_cases_rateRollingMean,m,all,default,2024,2024-02-16,4.2700
infectious_disease,respiratory,COVID-19,Nation,England,COVID-19_cases_rateRollingMean,f,all,default,2024,2024-02-15,4.7600
infectious_disease,respiratory,COVID-19,Nation,England,COVID-19_cases_rateRollingMean,m,all,default,2024,2024-02-15,4.4600
infectious_disease,respiratory,COVID-19,Nation,England,COVID-19_cases_rateRollingMean,f,all,default,2024,2024-02-14,5.0700
infectious_disease,respiratory,COVID-19,Nation,England,COVID-19_cases_rateRollingMean,m,all,default,2024,2024-02-14,4.7400
infectious_disease,respiratory,COVID-19,Nation,England,COVID-19_cases_rateRollingMean,f,all,default,2024,2024-02-13,5.3800
infectious_disease,respiratory,COVID-19,Nation,England,COVID-19_cases_rateRollingMean,m,all,default,2024,2024-02-13,4.9200
infectious_disease,respiratory,COVID-19,Nation,England,COVID-19_cases_rateRollingMean,f,all,default,2024,2024-02-12,5.7300
infectious_disease,respiratory,COVID-19,Nation,England,COVID-19_cases_rateRollingMean,m,all,default,2024,2024-02-12,5.1200
infectious_disease,respiratory,COVID-19,Nation,England,COVID-19_cases_rateRollingMean,f,all,default,2024,2024-02-11,6.1800
infectious_disease,respiratory,COVID-19,Nation,England,COVID-19_cases_rateRollingMean,m,all,default,2024,2024-02-11,5.5000
infectious_disease,respiratory,COVID-19,Nation,England,COVID-19_cases_rateRollingMean,f,all,default,2024,2024-02-10,6.4200
infectious_disease,respiratory,COVID-19,Nation,England,COVID-19_cases_rateRollingMean,m,all,default,2024,2024-02-10,5.8000
infectious_disease,respiratory,COVID-19,Nation,England,COVID-19_cases_rateRollingMean,f,all,default,2024,2024-02-09,6.6700
infectious_disease,respiratory,COVID-19,Nation,England,COVID-19_cases_rateRollingMean,m,all,default,2024,2024-02-09,5.9700
infectious_disease,respiratory,COVID-19,Nation,England,COVID-19_cases_rateRollingMean,f,all,default,2024,2024-02-08,6.9900
infectious_disease,respiratory,COVID-19,Nation,England,COVID-19_cases_rateRollingMean,m,all,default,2024,2024-02-08,5.9500
infectious_disease,respiratory,COVID-19,Nation,England,COVID-19_cases_rateRollingMean,f,all,default,2024,2024-02-07,7.3500
infectious_disease,respiratory,COVID-19,Nation,England,COVID-19_cases_rateRollingMean,m,all,default,2024,2024-02-07,6.1200
infectious_disease,respiratory,COVID-19,Nation,England,COVID-19_cases_rateRollingMean,f,all,default,2024,2024-02-06,7.6200
infectious_disease,respiratory,COVID-19,Nation,England,COVID-19_cases_rateRollingMean,m,all,default,2024,2024-02-06,6.5000
infectious_disease,respiratory,COVID-19,Nation,England,COVID-19_cases_rateRollingMean,f,all,default,2024,2024-02-05,8.0200
infectious_disease,respiratory,COVID-19,Nation,England,COVID-19_cases_rateRollingMean,m,all,default,2024,2024-02-05,6.6800
infectious_disease,respiratory,COVID-19,Nation,England,COVID-19_cases_rateRollingMean,f,all,default,2024,2024-02-04,8.2400
infectious_disease,respiratory,COVID-19,Nation,England,COVID-19_cases_rateRollingMean,m,all,default,2024,2024-02-04,6.9000
infectious_disease,respiratory,COVID-19,Nation,England,COVID-19_cases_rateRollingMean,f,all,default,2024,2024-02-03,8.4900
infectious_disease,respiratory,COVID-19,Nation,England,COVID-19_cases_rateRollingMean,m,all,default,2024,2024-02-03,6.9300
infectious_disease,respiratory,COVID-19,Nation,England,COVID-19_cases_rateRollingMean,f,all,default,2024,2024-02-02,8.5300
infectious_disease,respiratory,COVID-19,Nation,England,COVID-19_cases_rateRollingMean,m,all,default,2024,2024-02-02,7.0700
infectious_disease,respiratory,COVID-19,Nation,England,COVID-19_cases_rateRollingMean,f,all,default,2024,2024-02-01,8.7800
infectious_disease,respiratory,COVID-19,Nation,England,COVID-19_cases_rateRollingMean,m,all,default,2024,2024-02-01,7.3300
infectious_disease,respiratory,COVID-19,Nation,England,COVID-19_cases_rateRollingMean,f,all,default,2024,2024-01-31,9.1500
infectious_disease,respiratory,COVID-19,Nation,England,COVID-19_cases_rateRollingMean,m,all,default,2024,2024-01-31,7.7800
infectious_disease,respiratory,COVID-19,Nation,England,COVID-19_cases_rateRollingMean,f,all,default,2024,2024-01-30,9.4900
infectious_disease,respiratory,COVID-19,Nation,England,COVID-19_cases_rateRollingMean,m,all,default,2024,2024-01-30,7.9800
infectious_disease,respiratory,COVID-19,Nation,England,COVID-19_cases_rateRollingMean,f,all,default,2024,2024-01-29,9.8000
infectious_disease,respiratory,COVID-19,Nation,England,COVID-19_cases_rateRollingMean,m,all,default,2024,2024-01-29,8.4100
infectious_disease,respiratory,COVID-19,Nation,England,COVID-19_cases_rateRollingMean,f,all,default,2024,2024-01-28,10.3300
infectious_disease,respiratory,COVID-19,Nation,England,COVID-19_cases_rateRollingMean,m,all,default,2024,2024-01-28,8.7800
infectious_disease,respiratory,COVID-19,Nation,England,COVID-19_cases_rateRollingMean,f,all,default,2024,2024-01-27,10.5100
infectious_disease,respiratory,COVID-19,Nation,England,COVID-19_cases_rateRollingMean,m,all,default,2024,2024-01-27,9.1600
infectious_disease,respiratory,COVID-19,Nation,England,COVID-19_cases_rateRollingMean,f,all,default,2024,2024-01-26,10.7600
infectious_disease,respiratory,COVID-19,Nation,England,COVID-19_cases_rateRollingMean,m,all,default,2024,2024-01-26,9.4200
infectious_disease,respiratory,COVID-19,Nation,England,COVID-19_cases_rateRollingMean,f,all,default,2024,2024-01-25,10.8800
infectious_disease,respiratory,COVID-19,Nation,England,COVID-19_cases_rateRollingMean,m,all,default,2024,2024-01-25,9.5500
infectious_disease,respiratory,COVID-19,Nation,England,COVID-19_cases_rateRollingMean,f,all,default,2024,2024-01-24,10.7900
infectious_disease,respiratory,COVID-19,Nation,England,COVID-19_cases_rateRollingMean,m,all,default,2024,2024-01-24,9.4800
infectious_disease,respiratory,COVID-19,Nation,England,COVID-19_cases_rateRollingMean,f,all,default,2024,2024-01-23,10.7700
infectious_disease,respiratory,COVID-19,Nation,England,COVID-19_cases_rateRollingMean,m,all,default,2024,2024-01-23,9.3300
infectious_disease,respiratory,COVID-19,Nation,England,COVID-19_cases_rateRollingMean,f,all,default,2024,2024-01-22,10.5200
infectious_disease,respiratory,COVID-19,Nation,England,COVID-19_cases_rateRollingMean,m,all,default,2024,2024-01-22,9.1000
infectious_disease,respiratory,COVID-19,Nation,England,COVID-19_cases_rateRollingMean,f,all,default,2024,2024-01-21,10.1200
infectious_disease,respiratory,COVID-19,Nation,England,COVID-19_cases_rateRollingMean,m,all,default,2024,2024-01-21,8.7000
infectious_disease,respiratory,COVID-19,Nation,England,COVID-19_cases_rateRollingMean,f,all,default,2024,2024-01-20,10.0400
infectious_disease,respiratory,COVID-19,Nation,England,COVID-19_cases_rateRollingMean,m,all,default,2024,2024-01-20,8.5600
infectious_disease,respiratory,COVID-19,Nation,England,COVID-19_cases_rateRollingMean,f,all,default,2024,2024-01-19,9.8800
infectious_disease,respiratory,COVID-19,Nation,England,COVID-19_cases_rateRollingMean,m,all,default,2024,2024-01-19,8.3300
infectious_disease,respiratory,COVID-19,Nation,England,COVID-19_cases_rateRollingMean,f,all,default,2024,2024-01-18,9.8600
infectious_disease,respiratory,COVID-19,Nation,England,COVID-19_cases_rateRollingMean,m,all,default,2024,2024-01-18,8.3800
infectious_disease,respiratory,COVID-19,Nation,England,COVID-19_cases_rateRollingMean,f,all,default,2024,2024-01-17,9.8600
infectious_disease,respiratory,COVID-19,Nation,England,COVID-19_cases_rateRollingMean,m,all,default,2024,2024-01-17,8.4200
infectious_disease,respiratory,COVID-19,Nation,England,COVID-19_cases_rateRollingMean,f,all,default,2024,2024-01-16,9.9000
infectious_disease,respiratory,COVID-19,Nation,England,COVID-19_cases_rateRollingMean,m,all,default,2024,2024-01-16,8.5100
infectious_disease,respiratory,COVID-19,Nation,England,COVID-19_cases_rateRollingMean,f,all,default,2024,2024-01-15,9.9200
infectious_disease,respiratory,COVID-19,Nation,England,COVID-19_cases_rateRollingMean,m,all,default,2024,2024-01-15,8.5400
infectious_disease,respiratory,COVID-19,Nation,England,COVID-19_cases_rateRollingMean,f,all,default,2024,2024-01-14,10.1100
infectious_disease,respiratory,COVID-19,Nation,England,COVID-19_cases_rateRollingMean,m,all,default,2024,2024-01-14,8.8200
infectious_disease,respiratory,COVID-19,Nation,England,COVID-19_cases_rateRollingMean,f,all,default,2024,2024-01-13,10.3100
infectious_disease,respiratory,COVID-19,Nation,England,COVID-19_cases_rateRollingMean,m,all,default,2024,2024-01-13,8.8300
infectious_disease,respiratory,COVID-19,Nation,England,COVID-19_cases_rateRollingMean,f,all,default,2024,2024-01-12,10.8000
infectious_disease,respiratory,COVID-19,Nation,England,COVID-19_cases_rateRollingMean,m,all,default,2024,2024-01-12,9.1000
infectious_disease,respiratory,COVID-19,Nation,England,COVID-19_cases_rateRollingMean,f,all,default,2024,2024-01-11,11.1900
infectious_disease,respiratory,COVID-19,Nation,England,COVID-19_cases_rateRollingMean,m,all,default,2024,2024-01-11,9.2800
infectious_disease,respiratory,COVID-19,Nation,England,COVID-19_cases_rateRollingMean,f,all,default,2024,2024-01-10,11.7000
infectious_disease,respiratory,COVID-19,Nation,England,COVID-19_cases_rateRollingMean,m,all,default,2024,2024-01-10,9.6500
infectious_disease,respiratory,COVID-19,Nation,England,COVID-19_cases_rateRollingMean,f,all,default,2024,2024-01-09,12.4000
infectious_disease,respiratory,COVID-19,Nation,England,COVID-19_cases_rateRollingMean,m,all,default,2024,2024-01-09,10.2200
infectious_disease,respiratory,COVID-19,Nation,England,COVID-19_cases_rateRollingMean,f,all,default,2024,2024-01-08,13.5800
infectious_disease,respiratory,COVID-19,Nation,England,COVID-19_cases_rateRollingMean,m,all,default,2024,2024-01-08,10.9200
infectious_disease,respiratory,COVID-19,Nation,England,COVID-19_cases_rateRollingMean,f,all,default,2024,2024-01-07,13.7400
infectious_disease,respiratory,COVID-19,Nation,England,COVID-19_cases_rateRollingMean,m,all,default,2024,2024-01-07,11.0300
infectious_disease,respiratory,COVID-19,Nation,England,COVID-19_cases_rateRollingMean,f,all,default,2024,2024-01-06,14.3800
infectious_disease,respiratory,COVID-19,Nation,England,COVID-19_cases_rateRollingMean,m,all,default,2024,2024-01-06,11.6300
infectious_disease,respiratory,COVID-19,Nation,England,COVID-19_cases_rateRollingMean,f,all,default,2024,2024-01-05,15.0700
infectious_disease,respiratory,COVID-19,Nation,England,COVID-19_cases_rateRollingMean,m,all,default,2024,2024-01-05,12.2300
infectious_disease,respiratory,COVID-19,Nation,England,COVID-19_cases_rateRollingMean,f,all,default,2024,2024-01-04,15.7100
infectious_disease,respiratory,COVID-19,Nation,England,COVID-19_cases_rateRollingMean,m,all,default,2024,2024-01-04,13.1500
infectious_disease,respiratory,COVID-19,Nation,England,COVID-19_cases_rateRollingMean,f,all,default,2024,2024-01-03,16.5200
infectious_disease,respiratory,COVID-19,Nation,England,COVID-19_cases_rateRollingMean,m,all,default,2024,2024-01-03,13.6700
infectious_disease,respiratory,COVID-19,Nation,England,COVID-19_cases_rateRollingMean,f,all,default,2024,2024-01-02,16.8400
infectious_disease,respiratory,COVID-19,Nation,England,COVID-19_cases_rateRollingMean,m,all,default,2024,2024-01-02,14.0000
infectious_disease,respiratory,COVID-19,Nation,England,COVID-19_cases_rateRollingMean,f,all,default,2024,2024-01-01,16.4200
infectious_disease,respiratory,COVID-19,Nation,England,COVID-19_cases_rateRollingMean,m,all,default,2024,2024-01-01,13.6300
infectious_disease,respiratory,COVID-19,Nation,England,COVID-19_cases_rateRollingMean,f,all,default,2023,2023-12-31,16.0500
infectious_disease,respiratory,COVID-19,Nation,England,COVID-19_cases_rateRollingMean,m,all,default,2023,2023-12-31,13.3100
infectious_disease,respiratory,COVID-19,Nation,England,COVID-19_cases_rateRollingMean,f,all,default,2023,2023-12-30,15.9000
infectious_disease,respiratory,COVID-19,Nation,England,COVID-19_cases_rateRollingMean,m,all,default,2023,2023-12-30,13.1700
infectious_disease,respiratory,COVID-19,Nation,England,COVID-19_cases_rateRollingMean,f,all,default,2023,2023-12-29,15.5700
infectious_disease,respiratory,COVID-19,Nation,England,COVID-19_cases_rateRollingMean,m,all,default,2023,2023-12-29,12.9000
infectious_disease,respiratory,COVID-19,Nation,England,COVID-19_cases_rateRollingMean,f,all,default,2023,2023-12-28,15.4300
infectious_disease,respiratory,COVID-19,Nation,England,COVID-19_cases_rateRollingMean,m,all,default,2023,2023-12-28,12.4600
infectious_disease,respiratory,COVID-19,Nation,England,COVID-19_cases_rateRollingMean,f,all,default,2023,2023-12-27,15.1800
infectious_disease,respiratory,COVID-19,Nation,England,COVID-19_cases_rateRollingMean,m,all,default,2023,2023-12-27,12.3700
infectious_disease,respiratory,COVID-19,Nation,England,COVID-19_cases_rateRollingMean,f,all,default,2023,2023-12-26,15.1100
infectious_disease,respiratory,COVID-19,Nation,England,COVID-19_cases_rateRollingMean,m,all,default,2023,2023-12-26,12.3400
infectious_disease,respiratory,COVID-19,Nation,England,COVID-19_cases_rateRollingMean,f,all,default,2023,2023-12-25,15.7600
infectious_disease,respiratory,COVID-19,Nation,England,COVID-19_cases_rateRollingMean,m,all,default,2023,2023-12-25,12.7400
infectious_disease,respiratory,COVID-19,Nation,England,COVID-19_cases_rateRollingMean,f,all,default,2023,2023-12-24,17.2500
infectious_disease,respiratory,COVID-19,Nation,England,COVID-19_cases_rateRollingMean,m,all,default,2023,2023-12-24,13.8100
infectious_disease,respiratory,COVID-19,Nation,England,COVID-19_cases_rateRollingMean,f,all,default,2023,2023-12-23,17.7300
infectious_disease,respiratory,COVID-19,Nation,England,COVID-19_cases_rateRollingMean,m,all,default,2023,2023-12-23,13.9500
infectious_disease,respiratory,COVID-19,Nation,England,COVID-19_cases_rateRollingMean,f,all,default,2023,2023-12-22,17.6500
infectious_disease,respiratory,COVID-19,Nation,England,COVID-19_cases_rateRollingMean,m,all,default,2023,2023-12-22,13.7600
infectious_disease,respiratory,COVID-19,Nation,England,COVID-19_cases_rateRollingMean,f,all,default,2023,2023-12-21,17.4700
infectious_disease,respiratory,COVID-19,Nation,England,COVID-19_cases_rateRollingMean,m,all,default,2023,2023-12-21,13.6000
infectious_disease,respiratory,COVID-19,Nation,England,COVID-19_cases_rateRollingMean,f,all,default,2023,2023-12-20,16.9200
infectious_disease,respiratory,COVID-19,Nation,England,COVID-19_cases_rateRollingMean,m,all,default,2023,2023-12-20,13.0600
infectious_disease,respiratory,COVID-19,Nation,England,COVID-19_cases_rateRollingMean,f,all,default,2023,2023-12-19,16.6000
infectious_disease,respiratory,COVID-19,Nation,England,COVID-19_cases_rateRollingMean,m,all,default,2023,2023-12-19,12.6800
infectious_disease,respiratory,COVID-19,Nation,England,COVID-19_cases_rateRollingMean,f,all,default,2023,2023-12-18,16.1200
infectious_disease,respiratory,COVID-19,Nation,England,COVID-19_cases_rateRollingMean,m,all,default,2023,2023-12-18,12.5200
infectious_disease,respiratory,COVID-19,Nation,England,COVID-19_cases_rateRollingMean,f,all,default,2023,2023-12-17,15.5600
infectious_disease,respiratory,COVID-19,Nation,England,COVID-19_cases_rateRollingMean,m,all,default,2023,2023-12-17,11.9700
infectious_disease,respiratory,COVID-19,Nation,England,COVID-19_cases_rateRollingMean,f,all,default,2023,2023-12-16,14.9500
infectious_disease,respiratory,COVID-19,Nation,England,COVID-19_cases_rateRollingMean,m,all,default,2023,2023-12-16,11.7400
infectious_disease,respiratory,COVID-19,Nation,England,COVID-19_cases_rateRollingMean,f,all,default,2023,2023-12-15,14.7200
infectious_disease,respiratory,COVID-19,Nation,England,COVID-19_cases_rateRollingMean,m,all,default,2023,2023-12-15,11.6300
infectious_disease,respiratory,COVID-19,Nation,England,COVID-19_cases_rateRollingMean,f,all,default,2023,2023-12-14,14.3200
infectious_disease,respiratory,COVID-19,Nation,England,COVID-19_cases_rateRollingMean,m,all,default,2023,2023-12-14,11.3500
infectious_disease,respiratory,COVID-19,Nation,England,COVID-19_cases_rateRollingMean,f,all,default,2023,2023-12-13,13.9400
infectious_disease,respiratory,COVID-19,Nation,England,COVID-19_cases_rateRollingMean,m,all,default,2023,2023-12-13,10.9300
infectious_disease,respiratory,COVID-19,Nation,England,COVID-19_cases_rateRollingMean,f,all,default,2023,2023-12-12,13.5500
infectious_disease,respiratory,COVID-19,Nation,England,COVID-19_cases_rateRollingMean,m,all,default,2023,2023-12-12,10.4700
infectious_disease,respiratory,COVID-19,Nation,England,COVID-19_cases_rateRollingMean,f,all,default,2023,2023-12-11,12.9900
infectious_disease,respiratory,COVID-19,Nation,England,COVID-19_cases_rateRollingMean,m,all,default,2023,2023-12-11,9.9800
infectious_disease,respiratory,COVID-19,Nation,England,COVID-19_cases_rateRollingMean,f,all,default,2023,2023-12-10,12.2400
infectious_disease,respiratory,COVID-19,Nation,England,COVID-19_cases_rateRollingMean,m,all,default,2023,2023-12-10,9.6700
infectious_disease,respiratory,COVID-19,Nation,England,COVID-19_cases_rateRollingMean,f,all,default,2023,2023-12-09,11.8200
infectious_disease,respiratory,COVID-19,Nation,England,COVID-19_cases_rateRollingMean,m,all,default,2023,2023-12-09,9.1400
infectious_disease,respiratory,COVID-19,Nation,England,COVID-19_cases_rateRollingMean,f,all,default,2023,2023-12-08,11.3100
infectious_disease,respiratory,COVID-19,Nation,England,COVID-19_cases_rateRollingMean,m,all,default,2023,2023-12-08,8.7200
infectious_disease,respiratory,COVID-19,Nation,England,COVID-19_cases_rateRollingMean,f,all,default,2023,2023-12-07,10.6400
infectious_disease,respiratory,COVID-19,Nation,England,COVID-19_cases_rateRollingMean,m,all,default,2023,2023-12-07,8.1100
infectious_disease,respiratory,COVID-19,Nation,England,COVID-19_cases_rateRollingMean,f,all,default,2023,2023-12-06,10.2800
infectious_disease,respiratory,COVID-19,Nation,England,COVID-19_cases_rateRollingMean,m,all,default,2023,2023-12-06,7.8800
infectious_disease,respiratory,COVID-19,Nation,England,COVID-19_cases_rateRollingMean,f,all,default,2023,2023-12-05,9.7200
infectious_disease,respiratory,COVID-19,Nation,England,COVID-19_cases_rateRollingMean,m,all,default,2023,2023-12-05,7.6700
infectious_disease,respiratory,COVID-19,Nation,England,COVID-19_cases_rateRollingMean,f,all,default,2023,2023-12-04,9.1800
infectious_disease,respiratory,COVID-19,Nation,England,COVID-19_cases_rateRollingMean,m,all,default,2023,2023-12-04,7.2600
infectious_disease,respiratory,COVID-19,Nation,England,COVID-19_cases_rateRollingMean,f,all,default,2023,2023-12-03,8.7000
infectious_disease,respiratory,COVID-19,Nation,England,COVID-19_cases_rateRollingMean,m,all,default,2023,2023-12-03,6.7900
infectious_disease,respiratory,COVID-19,Nation,England,COVID-19_cases_rateRollingMean,f,all,default,2023,2023-12-02,8.2500
infectious_disease,respiratory,COVID-19,Nation,England,COVID-19_cases_rateRollingMean,m,all,default,2023,2023-12-02,6.5400
infectious_disease,respiratory,COVID-19,Nation,England,COVID-19_cases_rateRollingMean,f,all,default,2023,2023-12-01,8.0300
infectious_disease,respiratory,COVID-19,Nation,England,COVID-19_cases_rateRollingMean,m,all,default,2023,2023-12-01,6.4300
infectious_disease,respiratory,COVID-19,Nation,England,COVID-19_cases_rateRollingMean,f,all,default,2023,2023-11-30,8.0000
infectious_disease,respiratory,COVID-19,Nation,England,COVID-19_cases_rateRollingMean,m,all,default,2023,2023-11-30,6.4200
infectious_disease,respiratory,COVID-19,Nation,England,COVID-19_cases_rateRollingMean,f,all,default,2023,2023-11-29,7.8600
infectious_disease,respiratory,COVID-19,Nation,England,COVID-19_cases_rateRollingMean,m,all,default,2023,2023-11-29,6.2300
infectious_disease,respiratory,COVID-19,Nation,England,COVID-19_cases_rateRollingMean,f,all,default,2023,2023-11-28,7.6900
infectious_disease,respiratory,COVID-19,Nation,England,COVID-19_cases_rateRollingMean,m,all,default,2023,2023-11-28,5.9700
infectious_disease,respiratory,COVID-19,Nation,England,COVID-19_cases_rateRollingMean,f,all,default,2023,2023-11-27,7.5300
infectious_disease,respiratory,COVID-19,Nation,England,COVID-19_cases_rateRollingMean,m,all,default,2023,2023-11-27,5.8000
infectious_disease,respiratory,COVID-19,Nation,England,COVID-19_cases_rateRollingMean,f,all,default,2023,2023-11-26,7.5600
infectious_disease,respiratory,COVID-19,Nation,England,COVID-19_cases_rateRollingMean,m,all,default,2023,2023-11-26,5.8300
infectious_disease,respiratory,COVID-19,Nation,England,COVID-19_cases_rateRollingMean,f,all,default,2023,2023-11-25,7.6300
infectious_disease,respiratory,COVID-19,Nation,England,COVID-19_cases_rateRollingMean,m,all,default,2023,2023-11-25,5.9600
infectious_disease,respiratory,COVID-19,Nation,England,COVID-19_cases_rateRollingMean,f,all,default,2023,2023-11-24,7.7000
infectious_disease,respiratory,COVID-19,Nation,England,COVID-19_cases_rateRollingMean,m,all,default,2023,2023-11-24,6.0000
infectious_disease,respiratory,COVID-19,Nation,England,COVID-19_cases_rateRollingMean,f,all,default,2023,2023-11-23,7.7300
infectious_disease,respiratory,COVID-19,Nation,England,COVID-19_cases_rateRollingMean,m,all,default,2023,2023-11-23,5.8900
infectious_disease,respiratory,COVID-19,Nation,England,COVID-19_cases_rateRollingMean,f,all,default,2023,2023-11-22,7.9300
infectious_disease,respiratory,COVID-19,Nation,England,COVID-19_cases_rateRollingMean,m,all,default,2023,2023-11-22,6.0500
infectious_disease,respiratory,COVID-19,Nation,England,COVID-19_cases_rateRollingMean,f,all,default,2023,2023-11-21,7.9200
infectious_disease,respiratory,COVID-19,Nation,England,COVID-19_cases_rateRollingMean,m,all,default,2023,2023-11-21,6.1200
infectious_disease,respiratory,COVID-19,Nation,England,COVID-19_cases_rateRollingMean,f,all,default,2023,2023-11-20,8.1700
infectious_disease,respiratory,COVID-19,Nation,England,COVID-19_cases_rateRollingMean,m,all,default,2023,2023-11-20,6.4800
infectious_disease,respiratory,COVID-19,Nation,England,COVID-19_cases_rateRollingMean,f,all,default,2023,2023-11-19,8.3000
infectious_disease,respiratory,COVID-19,Nation,England,COVID-19_cases_rateRollingMean,m,all,default,2023,2023-11-19,6.5000
infectious_disease,respiratory,COVID-19,Nation,England,COVID-19_cases_rateRollingMean,f,all,default,2023,2023-11-18,8.3700
infectious_disease,respiratory,COVID-19,Nation,England,COVID-19_cases_rateRollingMean,m,all,default,2023,2023-11-18,6.5700
infectious_disease,respiratory,COVID-19,Nation,England,COVID-19_cases_rateRollingMean,f,all,default,2023,2023-11-17,8.0300
infectious_disease,respiratory,COVID-19,Nation,England,COVID-19_cases_rateRollingMean,m,all,default,2023,2023-11-17,6.3000
infectious_disease,respiratory,COVID-19,Nation,England,COVID-19_cases_rateRollingMean,f,all,default,2023,2023-11-16,7.4600
infectious_disease,respiratory,COVID-19,Nation,England,COVID-19_cases_rateRollingMean,m,all,default,2023,2023-11-16,5.9700
infectious_disease,respiratory,COVID-19,Nation,England,COVID-19_cases_rateRollingMean,f,all,default,2023,2023-11-15,7.0300
infectious_disease,respiratory,COVID-19,Nation,England,COVID-19_cases_rateRollingMean,m,all,default,2023,2023-11-15,5.7700
infectious_disease,respiratory,COVID-19,Nation,England,COVID-19_cases_rateRollingMean,f,all,default,2023,2023-11-14,7.2100
infectious_disease,respiratory,COVID-19,Nation,England,COVID-19_cases_rateRollingMean,m,all,default,2023,2023-11-14,5.8400
infectious_disease,respiratory,COVID-19,Nation,England,COVID-19_cases_rateRollingMean,f,all,default,2023,2023-11-13,7.4400
infectious_disease,respiratory,COVID-19,Nation,England,COVID-19_cases_rateRollingMean,m,all,default,2023,2023-11-13,5.7700
infectious_disease,respiratory,COVID-19,Nation,England,COVID-19_cases_rateRollingMean,f,all,default,2023,2023-11-12,7.5600
infectious_disease,respiratory,COVID-19,Nation,England,COVID-19_cases_rateRollingMean,m,all,default,2023,2023-11-12,5.7700
infectious_disease,respiratory,COVID-19,Nation,England,COVID-19_cases_rateRollingMean,f,all,default,2023,2023-11-11,7.7900
infectious_disease,respiratory,COVID-19,Nation,England,COVID-19_cases_rateRollingMean,m,all,default,2023,2023-11-11,5.8100
infectious_disease,respiratory,COVID-19,Nation,England,COVID-19_cases_rateRollingMean,f,all,default,2023,2023-11-10,8.3700
infectious_disease,respiratory,COVID-19,Nation,England,COVID-19_cases_rateRollingMean,m,all,default,2023,2023-11-10,6.3200
infectious_disease,respiratory,COVID-19,Nation,England,COVID-19_cases_rateRollingMean,f,all,default,2023,2023-11-09,9.3500
infectious_disease,respiratory,COVID-19,Nation,England,COVID-19_cases_rateRollingMean,m,all,default,2023,2023-11-09,7.0000
infectious_disease,respiratory,COVID-19,Nation,England,COVID-19_cases_rateRollingMean,f,all,default,2023,2023-11-08,9.9500
infectious_disease,respiratory,COVID-19,Nation,England,COVID-19_cases_rateRollingMean,m,all,default,2023,2023-11-08,7.5400
infectious_disease,respiratory,COVID-19,Nation,England,COVID-19_cases_rateRollingMean,f,all,default,2023,2023-11-07,10.3000
infectious_disease,respiratory,COVID-19,Nation,England,COVID-19_cases_rateRollingMean,m,all,default,2023,2023-11-07,7.8000
infectious_disease,respiratory,COVID-19,Nation,England,COVID-19_cases_rateRollingMean,f,all,default,2023,2023-11-06,10.4400
infectious_disease,respiratory,COVID-19,Nation,England,COVID-19_cases_rateRollingMean,m,all,default,2023,2023-11-06,8.2300
infectious_disease,respiratory,COVID-19,Nation,England,COVID-19_cases_rateRollingMean,f,all,default,2023,2023-11-05,10.8100
infectious_disease,respiratory,COVID-19,Nation,England,COVID-19_cases_rateRollingMean,m,all,default,2023,2023-11-05,8.6400
infectious_disease,respiratory,COVID-19,Nation,England,COVID-19_cases_rateRollingMean,f,all,default,2023,2023-11-04,11.1300
infectious_disease,respiratory,COVID-19,Nation,England,COVID-19_cases_rateRollingMean,m,all,default,2023,2023-11-04,8.8900
infectious_disease,respiratory,COVID-19,Nation,England,COVID-19_cases_rateRollingMean,f,all,default,2023,2023-11-03,11.5100
infectious_disease,respiratory,COVID-19,Nation,England,COVID-19_cases_rateRollingMean,m,all,default,2023,2023-11-03,9.0100
infectious_disease,respiratory,COVID-19,Nation,England,COVID-19_cases_rateRollingMean,f,all,default,2023,2023-11-02,11.9200
infectious_disease,respiratory,COVID-19,Nation,England,COVID-19_cases_rateRollingMean,m,all,default,2023,2023-11-02,9.2600
infectious_disease,respiratory,COVID-19,Nation,England,COVID-19_cases_rateRollingMean,f,all,default,2023,2023-11-01,12.4800
infectious_disease,respiratory,COVID-19,Nation,England,COVID-19_cases_rateRollingMean,m,all,default,2023,2023-11-01,9.3900
infectious_disease,respiratory,COVID-19,Nation,England,COVID-19_cases_rateRollingMean,f,all,default,2023,2023-10-31,12.7500
infectious_disease,respiratory,COVID-19,Nation,England,COVID-19_cases_rateRollingMean,m,all,default,2023,2023-10-31,9.6500
infectious_disease,respiratory,COVID-19,Nation,England,COVID-19_cases_rateRollingMean,f,all,default,2023,2023-10-30,13.2800
infectious_disease,respiratory,COVID-19,Nation,England,COVID-19_cases_rateRollingMean,m,all,default,2023,2023-10-30,9.7700
infectious_disease,respiratory,COVID-19,Nation,England,COVID-19_cases_rateRollingMean,f,all,default,2023,2023-10-29,13.6300
infectious_disease,respiratory,COVID-19,Nation,England,COVID-19_cases_rateRollingMean,m,all,default,2023,2023-10-29,9.9800
infectious_disease,respiratory,COVID-19,Nation,England,COVID-19_cases_rateRollingMean,f,all,default,2023,2023-10-28,13.9200
infectious_disease,respiratory,COVID-19,Nation,England,COVID-19_cases_rateRollingMean,m,all,default,2023,2023-10-28,10.1700
infectious_disease,respiratory,COVID-19,Nation,England,COVID-19_cases_rateRollingMean,f,all,default,2023,2023-10-27,14.1800
infectious_disease,respiratory,COVID-19,Nation,England,COVID-19_cases_rateRollingMean,m,all,default,2023,2023-10-27,10.3400
infectious_disease,respiratory,COVID-19,Nation,England,COVID-19_cases_rateRollingMean,f,all,default,2023,2023-10-26,14.5100
infectious_disease,respiratory,COVID-19,Nation,England,COVID-19_cases_rateRollingMean,m,all,default,2023,2023-10-26,10.7600
infectious_disease,respiratory,COVID-19,Nation,England,COVID-19_cases_rateRollingMean,f,all,default,2023,2023-10-25,15.1700
infectious_disease,respiratory,COVID-19,Nation,England,COVID-19_cases_rateRollingMean,m,all,default,2023,2023-10-25,11.1800
infectious_disease,respiratory,COVID-19,Nation,England,COVID-19_cases_rateRollingMean,f,all,default,2023,2023-10-24,16.0000
infectious_disease,respiratory,COVID-19,Nation,England,COVID-19_cases_rateRollingMean,m,all,default,2023,2023-10-24,11.6300
infectious_disease,respiratory,COVID-19,Nation,England,COVID-19_cases_rateRollingMean,f,all,default,2023,2023-10-23,16.5500
infectious_disease,respiratory,COVID-19,Nation,England,COVID-19_cases_rateRollingMean,m,all,default,2023,2023-10-23,11.8900
infectious_disease,respiratory,COVID-19,Nation,England,COVID-19_cases_rateRollingMean,f,all,default,2023,2023-10-22,17.1200
infectious_disease,respiratory,COVID-19,Nation,England,COVID-19_cases_rateRollingMean,m,all,default,2023,2023-10-22,12.2700
infectious_disease,respiratory,COVID-19,Nation,England,COVID-19_cases_rateRollingMean,f,all,default,2023,2023-10-21,17.7100
infectious_disease,respiratory,COVID-19,Nation,England,COVID-19_cases_rateRollingMean,m,all,default,2023,2023-10-21,12.5200
infectious_disease,respiratory,COVID-19,Nation,England,COVID-19_cases_rateRollingMean,f,all,default,2023,2023-10-20,18.2300
infectious_disease,respiratory,COVID-19,Nation,England,COVID-19_cases_rateRollingMean,m,all,default,2023,2023-10-20,12.8200
infectious_disease,respiratory,COVID-19,Nation,England,COVID-19_cases_rateRollingMean,f,all,default,2023,2023-10-19,18.8900
infectious_disease,respiratory,COVID-19,Nation,England,COVID-19_cases_rateRollingMean,m,all,default,2023,2023-10-19,13.2600
infectious_disease,respiratory,COVID-19,Nation,England,COVID-19_cases_rateRollingMean,f,all,default,2023,2023-10-18,19.2900
infectious_disease,respiratory,COVID-19,Nation,England,COVID-19_cases_rateRollingMean,m,all,default,2023,2023-10-18,13.5900
infectious_disease,respiratory,COVID-19,Nation,England,COVID-19_cases_rateRollingMean,f,all,default,2023,2023-10-17,20.3400
infectious_disease,respiratory,COVID-19,Nation,England,COVID-19_cases_rateRollingMean,m,all,default,2023,2023-10-17,14.2400
infectious_disease,respiratory,COVID-19,Nation,England,COVID-19_cases_rateRollingMean,f,all,default,2023,2023-10-16,21.4800
infectious_disease,respiratory,COVID-19,Nation,England,COVID-19_cases_rateRollingMean,m,all,default,2023,2023-10-16,15.2600
infectious_disease,respiratory,COVID-19,Nation,England,COVID-19_cases_rateRollingMean,f,all,default,2023,2023-10-15,23.1800
infectious_disease,respiratory,COVID-19,Nation,England,COVID-19_cases_rateRollingMean,m,all,default,2023,2023-10-15,16.2500
infectious_disease,respiratory,COVID-19,Nation,England,COVID-19_cases_rateRollingMean,f,all,default,2023,2023-10-14,24.6800
infectious_disease,respiratory,COVID-19,Nation,England,COVID-19_cases_rateRollingMean,m,all,default,2023,2023-10-14,17.6200
infectious_disease,respiratory,COVID-19,Nation,England,COVID-19_cases_rateRollingMean,f,all,default,2023,2023-10-13,25.9000
infectious_disease,respiratory,COVID-19,Nation,England,COVID-19_cases_rateRollingMean,m,all,default,2023,2023-10-13,18.3000
infectious_disease,respiratory,COVID-19,Nation,England,COVID-19_cases_rateRollingMean,f,all,default,2023,2023-10-12,27.3700
infectious_disease,respiratory,COVID-19,Nation,England,COVID-19_cases_rateRollingMean,m,all,default,2023,2023-10-12,19.1200
infectious_disease,respiratory,COVID-19,Nation,England,COVID-19_cases_rateRollingMean,f,all,default,2023,2023-10-11,28.8100
infectious_disease,respiratory,COVID-19,Nation,England,COVID-19_cases_rateRollingMean,m,all,default,2023,2023-10-11,20.1100
infectious_disease,respiratory,COVID-19,Nation,England,COVID-19_cases_rateRollingMean,f,all,default,2023,2023-10-10,30.1900
infectious_disease,respiratory,COVID-19,Nation,England,COVID-19_cases_rateRollingMean,m,all,default,2023,2023-10-10,20.5900
infectious_disease,respiratory,COVID-19,Nation,England,COVID-19_cases_rateRollingMean,f,all,default,2023,2023-10-09,31.5900
infectious_disease,respiratory,COVID-19,Nation,England,COVID-19_cases_rateRollingMean,m,all,default,2023,2023-10-09,21.2200
infectious_disease,respiratory,COVID-19,Nation,England,COVID-19_cases_rateRollingMean,f,all,default,2023,2023-10-08,32.4600
infectious_disease,respiratory,COVID-19,Nation,England,COVID-19_cases_rateRollingMean,m,all,default,2023,2023-10-08,21.7800
infectious_disease,respiratory,COVID-19,Nation,England,COVID-19_cases_rateRollingMean,f,all,default,2023,2023-10-07,33.4800
infectious_disease,respiratory,COVID-19,Nation,England,COVID-19_cases_rateRollingMean,m,all,default,2023,2023-10-07,21.8400
infectious_disease,respiratory,COVID-19,Nation,England,COVID-19_cases_rateRollingMean,f,all,default,2023,2023-10-06,34.0600
infectious_disease,respiratory,COVID-19,Nation,England,COVID-19_cases_rateRollingMean,m,all,default,2023,2023-10-06,22.2000
infectious_disease,respiratory,COVID-19,Nation,England,COVID-19_cases_rateRollingMean,f,all,default,2023,2023-10-05,34.1600
infectious_disease,respiratory,COVID-19,Nation,England,COVID-19_cases_rateRollingMean,m,all,default,2023,2023-10-05,22.0800
infectious_disease,respiratory,COVID-19,Nation,England,COVID-19_cases_rateRollingMean,f,all,default,2023,2023-10-04,34.4500
infectious_disease,respiratory,COVID-19,Nation,England,COVID-19_cases_rateRollingMean,m,all,default,2023,2023-10-04,22.0300
infectious_disease,respiratory,COVID-19,Nation,England,COVID-19_cases_rateRollingMean,f,all,default,2023,2023-10-03,34.9300
infectious_disease,respiratory,COVID-19,Nation,England,COVID-19_cases_rateRollingMean,m,all,default,2023,2023-10-03,22.3500
infectious_disease,respiratory,COVID-19,Nation,England,COVID-19_cases_rateRollingMean,f,all,default,2023,2023-10-02,35.1300
infectious_disease,respiratory,COVID-19,Nation,England,COVID-19_cases_rateRollingMean,m,all,default,2023,2023-10-02,22.4700
infectious_disease,respiratory,COVID-19,Nation,England,COVID-19_cases_rateRollingMean,f,all,default,2023,2023-10-01,35.0700
infectious_disease,respiratory,COVID-19,Nation,England,COVID-19_cases_rateRollingMean,m,all,default,2023,2023-10-01,22.2200
infectious_disease,respiratory,COVID-19,Nation,England,COVID-19_cases_rateRollingMean,f,all,default,2023,2023-09-30,34.2600
infectious_disease,respiratory,COVID-19,Nation,England,COVID-19_cases_rateRollingMean,m,all,default,2023,2023-09-30,21.8100
infectious_disease,respiratory,COVID-19,Nation,England,COVID-19_cases_rateRollingMean,f,all,default,2023,2023-09-29,33.4100
infectious_disease,respiratory,COVID-19,Nation,England,COVID-19_cases_rateRollingMean,m,all,default,2023,2023-09-29,21.3600
infectious_disease,respiratory,COVID-19,Nation,England,COVID-19_cases_rateRollingMean,f,all,default,2023,2023-09-28,32.5000
infectious_disease,respiratory,COVID-19,Nation,England,COVID-19_cases_rateRollingMean,m,all,default,2023,2023-09-28,20.7300
infectious_disease,respiratory,COVID-19,Nation,England,COVID-19_cases_rateRollingMean,f,all,default,2023,2023-09-27,31.4800
infectious_disease,respiratory,COVID-19,Nation,England,COVID-19_cases_rateRollingMean,m,all,default,2023,2023-09-27,20.1100
infectious_disease,respiratory,COVID-19,Nation,England,COVID-19_cases_rateRollingMean,f,all,default,2023,2023-09-26,29.7300
infectious_disease,respiratory,COVID-19,Nation,England,COVID-19_cases_rateRollingMean,m,all,default,2023,2023-09-26,19.1900
infectious_disease,respiratory,COVID-19,Nation,England,COVID-19_cases_rateRollingMean,f,all,default,2023,2023-09-25,28.2500
infectious_disease,respiratory,COVID-19,Nation,England,COVID-19_cases_rateRollingMean,m,all,default,2023,2023-09-25,18.1100
infectious_disease,respiratory,COVID-19,Nation,England,COVID-19_cases_rateRollingMean,f,all,default,2023,2023-09-24,27.0100
infectious_disease,respiratory,COVID-19,Nation,England,COVID-19_cases_rateRollingMean,m,all,default,2023,2023-09-24,17.2000
infectious_disease,respiratory,COVID-19,Nation,England,COVID-19_cases_rateRollingMean,f,all,default,2023,2023-09-23,26.1000
infectious_disease,respiratory,COVID-19,Nation,England,COVID-19_cases_rateRollingMean,m,all,default,2023,2023-09-23,16.7300
infectious_disease,respiratory,COVID-19,Nation,England,COVID-19_cases_rateRollingMean,f,all,default,2023,2023-09-22,25.6400
infectious_disease,respiratory,COVID-19,Nation,England,COVID-19_cases_rateRollingMean,m,all,default,2023,2023-09-22,16.3500
infectious_disease,respiratory,COVID-19,Nation,England,COVID-19_cases_rateRollingMean,f,all,default,2023,2023-09-21,24.8800
infectious_disease,respiratory,COVID-19,Nation,England,COVID-19_cases_rateRollingMean,m,all,default,2023,2023-09-21,16.0000
infectious_disease,respiratory,COVID-19,Nation,England,COVID-19_cases_rateRollingMean,f,all,default,2023,2023-09-20,24.1000
infectious_disease,respiratory,COVID-19,Nation,England,COVID-19_cases_rateRollingMean,m,all,default,2023,2023-09-20,15.7100
infectious_disease,respiratory,COVID-19,Nation,England,COVID-19_cases_rateRollingMean,f,all,default,2023,2023-09-19,23.2800
infectious_disease,respiratory,COVID-19,Nation,England,COVID-19_cases_rateRollingMean,m,all,default,2023,2023-09-19,15.2500
infectious_disease,respiratory,COVID-19,Nation,England,COVID-19_cases_rateRollingMean,f,all,default,2023,2023-09-18,22.8100
infectious_disease,respiratory,COVID-19,Nation,England,COVID-19_cases_rateRollingMean,m,all,default,2023,2023-09-18,14.7600
infectious_disease,respiratory,COVID-19,Nation,England,COVID-19_cases_rateRollingMean,f,all,default,2023,2023-09-17,22.3900
infectious_disease,respiratory,COVID-19,Nation,England,COVID-19_cases_rateRollingMean,m,all,default,2023,2023-09-17,14.8600
infectious_disease,respiratory,COVID-19,Nation,England,COVID-19_cases_rateRollingMean,f,all,default,2023,2023-09-16,22.2100
infectious_disease,respiratory,COVID-19,Nation,England,COVID-19_cases_rateRollingMean,m,all,default,2023,2023-09-16,14.9300
infectious_disease,respiratory,COVID-19,Nation,England,COVID-19_cases_rateRollingMean,f,all,default,2023,2023-09-15,22.1400
infectious_disease,respiratory,COVID-19,Nation,England,COVID-19_cases_rateRollingMean,m,all,default,2023,2023-09-15,15.0700
infectious_disease,respiratory,COVID-19,Nation,England,COVID-19_cases_rateRollingMean,f,all,default,2023,2023-09-14,22.5500
infectious_disease,respiratory,COVID-19,Nation,England,COVID-19_cases_rateRollingMean,m,all,default,2023,2023-09-14,15.3500
infectious_disease,respiratory,COVID-19,Nation,England,COVID-19_cases_rateRollingMean,f,all,default,2023,2023-09-13,23.0500
infectious_disease,respiratory,COVID-19,Nation,England,COVID-19_cases_rateRollingMean,m,all,default,2023,2023-09-13,15.4100
infectious_disease,respiratory,COVID-19,Nation,England,COVID-19_cases_rateRollingMean,f,all,default,2023,2023-09-12,23.8700
infectious_disease,respiratory,COVID-19,Nation,England,COVID-19_cases_rateRollingMean,m,all,default,2023,2023-09-12,15.7100
infectious_disease,respiratory,COVID-19,Nation,England,COVID-19_cases_rateRollingMean,f,all,default,2023,2023-09-11,24.0700
infectious_disease,respiratory,COVID-19,Nation,England,COVID-19_cases_rateRollingMean,m,all,default,2023,2023-09-11,16.1900
infectious_disease,respiratory,COVID-19,Nation,England,COVID-19_cases_rateRollingMean,f,all,default,2023,2023-09-10,24.3600
infectious_disease,respiratory,COVID-19,Nation,England,COVID-19_cases_rateRollingMean,m,all,default,2023,2023-09-10,16.3600
infectious_disease,respiratory,COVID-19,Nation,England,COVID-19_cases_rateRollingMean,f,all,default,2023,2023-09-09,24.6800
infectious_disease,respiratory,COVID-19,Nation,England,COVID-19_cases_rateRollingMean,m,all,default,2023,2023-09-09,16.2400
infectious_disease,respiratory,COVID-19,Nation,England,COVID-19_cases_rateRollingMean,f,all,default,2023,2023-09-08,24.8600
infectious_disease,respiratory,COVID-19,Nation,England,COVID-19_cases_rateRollingMean,m,all,default,2023,2023-09-08,16.0800
infectious_disease,respiratory,COVID-19,Nation,England,COVID-19_cases_rateRollingMean,f,all,default,2023,2023-09-07,24.9000
infectious_disease,respiratory,COVID-19,Nation,England,COVID-19_cases_rateRollingMean,m,all,default,2023,2023-09-07,15.9600
infectious_disease,respiratory,COVID-19,Nation,England,COVID-19_cases_rateRollingMean,f,all,default,2023,2023-09-06,24.3100
infectious_disease,respiratory,COVID-19,Nation,England,COVID-19_cases_rateRollingMean,m,all,default,2023,2023-09-06,15.7300
infectious_disease,respiratory,COVID-19,Nation,England,COVID-19_cases_rateRollingMean,f,all,default,2023,2023-09-05,23.4600
infectious_disease,respiratory,COVID-19,Nation,England,COVID-19_cases_rateRollingMean,m,all,default,2023,2023-09-05,15.3800
infectious_disease,respiratory,COVID-19,Nation,England,COVID-19_cases_rateRollingMean,f,all,default,2023,2023-09-04,22.4200
infectious_disease,respiratory,COVID-19,Nation,England,COVID-19_cases_rateRollingMean,m,all,default,2023,2023-09-04,14.6900
infectious_disease,respiratory,COVID-19,Nation,England,COVID-19_cases_rateRollingMean,f,all,default,2023,2023-09-03,20.6800
infectious_disease,respiratory,COVID-19,Nation,England,COVID-19_cases_rateRollingMean,m,all,default,2023,2023-09-03,13.4400
infectious_disease,respiratory,COVID-19,Nation,England,COVID-19_cases_rateRollingMean,f,all,default,2023,2023-09-02,19.0700
infectious_disease,respiratory,COVID-19,Nation,England,COVID-19_cases_rateRollingMean,m,all,default,2023,2023-09-02,12.5100
infectious_disease,respiratory,COVID-19,Nation,England,COVID-19_cases_rateRollingMean,f,all,default,2023,2023-09-01,18.0300
infectious_disease,respiratory,COVID-19,Nation,England,COVID-19_cases_rateRollingMean,m,all,default,2023,2023-09-01,11.8900
infectious_disease,respiratory,COVID-19,Nation,England,COVID-19_cases_rateRollingMean,f,all,default,2023,2023-08-31,16.8800
infectious_disease,respiratory,COVID-19,Nation,England,COVID-19_cases_rateRollingMean,m,all,default,2023,2023-08-31,11.1600
infectious_disease,respiratory,COVID-19,Nation,England,COVID-19_cases_rateRollingMean,f,all,default,2023,2023-08-30,16.1300
infectious_disease,respiratory,COVID-19,Nation,England,COVID-19_cases_rateRollingMean,m,all,default,2023,2023-08-30,10.7000
infectious_disease,respiratory,COVID-19,Nation,England,COVID-19_cases_rateRollingMean,f,all,default,2023,2023-08-29,15.2200
infectious_disease,respiratory,COVID-19,Nation,England,COVID-19_cases_rateRollingMean,m,all,default,2023,2023-08-29,10.2600
infectious_disease,respiratory,COVID-19,Nation,England,COVID-19_cases_rateRollingMean,f,all,default,2023,2023-08-28,14.7800
infectious_disease,respiratory,COVID-19,Nation,England,COVID-19_cases_rateRollingMean,m,all,default,2023,2023-08-28,10.0200
infectious_disease,respiratory,COVID-19,Nation,England,COVID-19_cases_rateRollingMean,f,all,default,2023,2023-08-27,14.8900
infectious_disease,respiratory,COVID-19,Nation,England,COVID-19_cases_rateRollingMean,m,all,default,2023,2023-08-27,10.2100
infectious_disease,respiratory,COVID-19,Nation,England,COVID-19_cases_rateRollingMean,f,all,default,2023,2023-08-26,15.0800
infectious_disease,respiratory,COVID-19,Nation,England,COVID-19_cases_rateRollingMean,m,all,default,2023,2023-08-26,10.2500
infectious_disease,respiratory,COVID-19,Nation,England,COVID-19_cases_rateRollingMean,f,all,default,2023,2023-08-25,14.9300
infectious_disease,respiratory,COVID-19,Nation,England,COVID-19_cases_rateRollingMean,m,all,default,2023,2023-08-25,10.4100
infectious_disease,respiratory,COVID-19,Nation,England,COVID-19_cases_rateRollingMean,f,all,default,2023,2023-08-24,14.9100
infectious_disease,respiratory,COVID-19,Nation,England,COVID-19_cases_rateRollingMean,m,all,default,2023,2023-08-24,10.4700
infectious_disease,respiratory,COVID-19,Nation,England,COVID-19_cases_rateRollingMean,f,all,default,2023,2023-08-23,14.7200
infectious_disease,respiratory,COVID-19,Nation,England,COVID-19_cases_rateRollingMean,m,all,default,2023,2023-08-23,10.5000
infectious_disease,respiratory,COVID-19,Nation,England,COVID-19_cases_rateRollingMean,f,all,default,2023,2023-08-22,14.6100
infectious_disease,respiratory,COVID-19,Nation,England,COVID-19_cases_rateRollingMean,m,all,default,2023,2023-08-22,10.4500
infectious_disease,respiratory,COVID-19,Nation,England,COVID-19_cases_rateRollingMean,f,all,default,2023,2023-08-21,14.4600
infectious_disease,respiratory,COVID-19,Nation,England,COVID-19_cases_rateRollingMean,m,all,default,2023,2023-08-21,10.3300
infectious_disease,respiratory,COVID-19,Nation,England,COVID-19_cases_rateRollingMean,f,all,default,2023,2023-08-20,14.2400
infectious_disease,respiratory,COVID-19,Nation,England,COVID-19_cases_rateRollingMean,m,all,default,2023,2023-08-20,10.2700
infectious_disease,respiratory,COVID-19,Nation,England,COVID-19_cases_rateRollingMean,f,all,default,2023,2023-08-19,14.1700
infectious_disease,respiratory,COVID-19,Nation,England,COVID-19_cases_rateRollingMean,m,all,default,2023,2023-08-19,10.3800
infectious_disease,respiratory,COVID-19,Nation,England,COVID-19_cases_rateRollingMean,f,all,default,2023,2023-08-18,14.2700
infectious_disease,respiratory,COVID-19,Nation,England,COVID-19_cases_rateRollingMean,m,all,default,2023,2023-08-18,10.2800
infectious_disease,respiratory,COVID-19,Nation,England,COVID-19_cases_rateRollingMean,f,all,default,2023,2023-08-17,14.0800
infectious_disease,respiratory,COVID-19,Nation,England,COVID-19_cases_rateRollingMean,m,all,default,2023,2023-08-17,10.2400
infectious_disease,respiratory,COVID-19,Nation,England,COVID-19_cases_rateRollingMean,f,all,default,2023,2023-08-16,14.0900
infectious_disease,respiratory,COVID-19,Nation,England,COVID-19_cases_rateRollingMean,m,all,default,2023,2023-08-16,10.0100
infectious_disease,respiratory,COVID-19,Nation,England,COVID-19_cases_rateRollingMean,f,all,default,2023,2023-08-15,14.0500
infectious_disease,respiratory,COVID-19,Nation,England,COVID-19_cases_rateRollingMean,m,all,default,2023,2023-08-15,9.9300
infectious_disease,respiratory,COVID-19,Nation,England,COVID-19_cases_rateRollingMean,f,all,default,2023,2023-08-14,14.0300
infectious_disease,respiratory,COVID-19,Nation,England,COVID-19_cases_rateRollingMean,m,all,default,2023,2023-08-14,9.9100
infectious_disease,respiratory,COVID-19,Nation,England,COVID-19_cases_rateRollingMean,f,all,default,2023,2023-08-13,13.9700
infectious_disease,respiratory,COVID-19,Nation,England,COVID-19_cases_rateRollingMean,m,all,default,2023,2023-08-13,9.7100
infectious_disease,respiratory,COVID-19,Nation,England,COVID-19_cases_rateRollingMean,f,all,default,2023,2023-08-12,13.7100
infectious_disease,respiratory,COVID-19,Nation,England,COVID-19_cases_rateRollingMean,m,all,default,2023,2023-08-12,9.5000
infectious_disease,respiratory,COVID-19,Nation,England,COVID-19_cases_rateRollingMean,f,all,default,2023,2023-08-11,13.3200
infectious_disease,respiratory,COVID-19,Nation,England,COVID-19_cases_rateRollingMean,m,all,default,2023,2023-08-11,9.2600
infectious_disease,respiratory,COVID-19,Nation,England,COVID-19_cases_rateRollingMean,f,all,default,2023,2023-08-10,13.0100
infectious_disease,respiratory,COVID-19,Nation,England,COVID-19_cases_rateRollingMean,m,all,default,2023,2023-08-10,9.0700
infectious_disease,respiratory,COVID-19,Nation,England,COVID-19_cases_rateRollingMean,f,all,default,2023,2023-08-09,12.6500
infectious_disease,respiratory,COVID-19,Nation,England,COVID-19_cases_rateRollingMean,m,all,default,2023,2023-08-09,8.7900
infectious_disease,respiratory,COVID-19,Nation,England,COVID-19_cases_rateRollingMean,f,all,default,2023,2023-08-08,12.2200
infectious_disease,respiratory,COVID-19,Nation,England,COVID-19_cases_rateRollingMean,m,all,default,2023,2023-08-08,8.5300
infectious_disease,respiratory,COVID-19,Nation,England,COVID-19_cases_rateRollingMean,f,all,default,2023,2023-08-07,11.7500
infectious_disease,respiratory,COVID-19,Nation,England,COVID-19_cases_rateRollingMean,m,all,default,2023,2023-08-07,8.1700
infectious_disease,respiratory,COVID-19,Nation,England,COVID-19_cases_rateRollingMean,f,all,default,2023,2023-08-06,11.4600
infectious_disease,respiratory,COVID-19,Nation,England,COVID-19_cases_rateRollingMean,m,all,default,2023,2023-08-06,7.8400
infectious_disease,respiratory,COVID-19,Nation,England,COVID-19_cases_rateRollingMean,f,all,default,2023,2023-08-05,11.3100
infectious_disease,respiratory,COVID-19,Nation,England,COVID-19_cases_rateRollingMean,m,all,default,2023,2023-08-05,7.7300
infectious_disease,respiratory,COVID-19,Nation,England,COVID-19_cases_rateRollingMean,f,all,default,2023,2023-08-04,11.2500
infectious_disease,respiratory,COVID-19,Nation,England,COVID-19_cases_rateRollingMean,m,all,default,2023,2023-08-04,7.6200
infectious_disease,respiratory,COVID-19,Nation,England,COVID-19_cases_rateRollingMean,f,all,default,2023,2023-08-03,11.0200
infectious_disease,respiratory,COVID-19,Nation,England,COVID-19_cases_rateRollingMean,m,all,default,2023,2023-08-03,7.3300
infectious_disease,respiratory,COVID-19,Nation,England,COVID-19_cases_rateRollingMean,f,all,default,2023,2023-08-02,10.6100
infectious_disease,respiratory,COVID-19,Nation,England,COVID-19_cases_rateRollingMean,m,all,default,2023,2023-08-02,7.1600
infectious_disease,respiratory,COVID-19,Nation,England,COVID-19_cases_rateRollingMean,f,all,default,2023,2023-08-01,10.2700
infectious_disease,respiratory,COVID-19,Nation,England,COVID-19_cases_rateRollingMean,m,all,default,2023,2023-08-01,6.8100
infectious_disease,respiratory,COVID-19,Nation,England,COVID-19_cases_rateRollingMean,f,all,default,2023,2023-07-31,9.8700
infectious_disease,respiratory,COVID-19,Nation,England,COVID-19_cases_rateRollingMean,m,all,default,2023,2023-07-31,6.5500
infectious_disease,respiratory,COVID-19,Nation,England,COVID-19_cases_rateRollingMean,f,all,default,2023,2023-07-30,9.3500
infectious_disease,respiratory,COVID-19,Nation,England,COVID-19_cases_rateRollingMean,m,all,default,2023,2023-07-30,6.3500
infectious_disease,respiratory,COVID-19,Nation,England,COVID-19_cases_rateRollingMean,f,all,default,2023,2023-07-29,8.7900
infectious_disease,respiratory,COVID-19,Nation,England,COVID-19_cases_rateRollingMean,m,all,default,2023,2023-07-29,6.0100
infectious_disease,respiratory,COVID-19,Nation,England,COVID-19_cases_rateRollingMean,f,all,default,2023,2023-07-28,8.2400
infectious_disease,respiratory,COVID-19,Nation,England,COVID-19_cases_rateRollingMean,m,all,default,2023,2023-07-28,5.7800
infectious_disease,respiratory,COVID-19,Nation,England,COVID-19_cases_rateRollingMean,f,all,default,2023,2023-07-27,7.8300
infectious_disease,respiratory,COVID-19,Nation,England,COVID-19_cases_rateRollingMean,m,all,default,2023,2023-07-27,5.5300
infectious_disease,respiratory,COVID-19,Nation,England,COVID-19_cases_rateRollingMean,f,all,default,2023,2023-07-26,7.6100
infectious_disease,respiratory,COVID-19,Nation,England,COVID-19_cases_rateRollingMean,m,all,default,2023,2023-07-26,5.2800
infectious_disease,respiratory,COVID-19,Nation,England,COVID-19_cases_rateRollingMean,f,all,default,2023,2023-07-25,7.2800
infectious_disease,respiratory,COVID-19,Nation,England,COVID-19_cases_rateRollingMean,m,all,default,2023,2023-07-25,5.0800
infectious_disease,respiratory,COVID-19,Nation,England,COVID-19_cases_rateRollingMean,f,all,default,2023,2023-07-24,7.1300
infectious_disease,respiratory,COVID-19,Nation,England,COVID-19_cases_rateRollingMean,m,all,default,2023,2023-07-24,4.7700
infectious_disease,respiratory,COVID-19,Nation,England,COVID-19_cases_rateRollingMean,f,all,default,2023,2023-07-23,6.9200
infectious_disease,respiratory,COVID-19,Nation,England,COVID-19_cases_rateRollingMean,m,all,default,2023,2023-07-23,4.5100
infectious_disease,respiratory,COVID-19,Nation,England,COVID-19_cases_rateRollingMean,f,all,default,2023,2023-07-22,6.7200
infectious_disease,respiratory,COVID-19,Nation,England,COVID-19_cases_rateRollingMean,m,all,default,2023,2023-07-22,4.3100
infectious_disease,respiratory,COVID-19,Nation,England,COVID-19_cases_rateRollingMean,f,all,default,2023,2023-07-21,6.6200
infectious_disease,respiratory,COVID-19,Nation,England,COVID-19_cases_rateRollingMean,m,all,default,2023,2023-07-21,4.1700
infectious_disease,respiratory,COVID-19,Nation,England,COVID-19_cases_rateRollingMean,f,all,default,2023,2023-07-20,6.4400
infectious_disease,respiratory,COVID-19,Nation,England,COVID-19_cases_rateRollingMean,m,all,default,2023,2023-07-20,4.0100
infectious_disease,respiratory,COVID-19,Nation,England,COVID-19_cases_rateRollingMean,f,all,default,2023,2023-07-19,6.2500
infectious_disease,respiratory,COVID-19,Nation,England,COVID-19_cases_rateRollingMean,m,all,default,2023,2023-07-19,3.9200
infectious_disease,respiratory,COVID-19,Nation,England,COVID-19_cases_rateRollingMean,f,all,default,2023,2023-07-18,6.1800
infectious_disease,respiratory,COVID-19,Nation,England,COVID-19_cases_rateRollingMean,m,all,default,2023,2023-07-18,3.8100
infectious_disease,respiratory,COVID-19,Nation,England,COVID-19_cases_rateRollingMean,f,all,default,2023,2023-07-17,5.9500
infectious_disease,respiratory,COVID-19,Nation,England,COVID-19_cases_rateRollingMean,m,all,default,2023,2023-07-17,3.8100
infectious_disease,respiratory,COVID-19,Nation,England,COVID-19_cases_rateRollingMean,f,all,default,2023,2023-07-16,5.8500
infectious_disease,respiratory,COVID-19,Nation,England,COVID-19_cases_rateRollingMean,m,all,default,2023,2023-07-16,3.7800
infectious_disease,respiratory,COVID-19,Nation,England,COVID-19_cases_rateRollingMean,f,all,default,2023,2023-07-15,5.8200
infectious_disease,respiratory,COVID-19,Nation,England,COVID-19_cases_rateRollingMean,m,all,default,2023,2023-07-15,3.8500
infectious_disease,respiratory,COVID-19,Nation,England,COVID-19_cases_rateRollingMean,f,all,default,2023,2023-07-14,5.7500
infectious_disease,respiratory,COVID-19,Nation,England,COVID-19_cases_rateRollingMean,m,all,default,2023,2023-07-14,3.8200
infectious_disease,respiratory,COVID-19,Nation,England,COVID-19_cases_rateRollingMean,f,all,default,2023,2023-07-13,5.7600
infectious_disease,respiratory,COVID-19,Nation,England,COVID-19_cases_rateRollingMean,m,all,default,2023,2023-07-13,3.8400
infectious_disease,respiratory,COVID-19,Nation,England,COVID-19_cases_rateRollingMean,f,all,default,2023,2023-07-12,5.5400
infectious_disease,respiratory,COVID-19,Nation,England,COVID-19_cases_rateRollingMean,m,all,default,2023,2023-07-12,3.7300
infectious_disease,respiratory,COVID-19,Nation,England,COVID-19_cases_rateRollingMean,f,all,default,2023,2023-07-11,5.3900
infectious_disease,respiratory,COVID-19,Nation,England,COVID-19_cases_rateRollingMean,m,all,default,2023,2023-07-11,3.6300
infectious_disease,respiratory,COVID-19,Nation,England,COVID-19_cases_rateRollingMean,f,all,default,2023,2023-07-10,5.0500
infectious_disease,respiratory,COVID-19,Nation,England,COVID-19_cases_rateRollingMean,m,all,default,2023,2023-07-10,3.4700
infectious_disease,respiratory,COVID-19,Nation,England,COVID-19_cases_rateRollingMean,f,all,default,2023,2023-07-09,4.8900
infectious_disease,respiratory,COVID-19,Nation,England,COVID-19_cases_rateRollingMean,m,all,default,2023,2023-07-09,3.2500
infectious_disease,respiratory,COVID-19,Nation,England,COVID-19_cases_rateRollingMean,f,all,default,2023,2023-07-08,4.6300
infectious_disease,respiratory,COVID-19,Nation,England,COVID-19_cases_rateRollingMean,m,all,default,2023,2023-07-08,3.0500
infectious_disease,respiratory,COVID-19,Nation,England,COVID-19_cases_rateRollingMean,f,all,default,2023,2023-07-07,4.4100
infectious_disease,respiratory,COVID-19,Nation,England,COVID-19_cases_rateRollingMean,m,all,default,2023,2023-07-07,2.9400
infectious_disease,respiratory,COVID-19,Nation,England,COVID-19_cases_rateRollingMean,f,all,default,2023,2023-07-06,4.1600
infectious_disease,respiratory,COVID-19,Nation,England,COVID-19_cases_rateRollingMean,m,all,default,2023,2023-07-06,2.8100
infectious_disease,respiratory,COVID-19,Nation,England,COVID-19_cases_rateRollingMean,f,all,default,2023,2023-07-05,4.0600
infectious_disease,respiratory,COVID-19,Nation,England,COVID-19_cases_rateRollingMean,m,all,default,2023,2023-07-05,2.6900
infectious_disease,respiratory,COVID-19,Nation,England,COVID-19_cases_rateRollingMean,f,all,default,2023,2023-07-04,3.9000
infectious_disease,respiratory,COVID-19,Nation,England,COVID-19_cases_rateRollingMean,m,all,default,2023,2023-07-04,2.6700
infectious_disease,respiratory,COVID-19,Nation,England,COVID-19_cases_rateRollingMean,f,all,default,2023,2023-07-03,3.8900
infectious_disease,respiratory,COVID-19,Nation,England,COVID-19_cases_rateRollingMean,m,all,default,2023,2023-07-03,2.6400
infectious_disease,respiratory,COVID-19,Nation,England,COVID-19_cases_rateRollingMean,f,all,default,2023,2023-07-02,3.7600
infectious_disease,respiratory,COVID-19,Nation,England,COVID-19_cases_rateRollingMean,m,all,default,2023,2023-07-02,2.6300
infectious_disease,respiratory,COVID-19,Nation,England,COVID-19_cases_rateRollingMean,f,all,default,2023,2023-07-01,3.8600
infectious_disease,respiratory,COVID-19,Nation,England,COVID-19_cases_rateRollingMean,m,all,default,2023,2023-07-01,2.6800
infectious_disease,respiratory,COVID-19,Nation,England,COVID-19_cases_rateRollingMean,f,all,default,2023,2023-06-30,3.9500
infectious_disease,respiratory,COVID-19,Nation,England,COVID-19_cases_rateRollingMean,m,all,default,2023,2023-06-30,2.7500
infectious_disease,respiratory,COVID-19,Nation,England,COVID-19_cases_rateRollingMean,f,all,default,2023,2023-06-29,4.0300
infectious_disease,respiratory,COVID-19,Nation,England,COVID-19_cases_rateRollingMean,m,all,default,2023,2023-06-29,2.8600
infectious_disease,respiratory,COVID-19,Nation,England,COVID-19_cases_rateRollingMean,f,all,default,2023,2023-06-28,4.2000
infectious_disease,respiratory,COVID-19,Nation,England,COVID-19_cases_rateRollingMean,m,all,default,2023,2023-06-28,3.0100
infectious_disease,respiratory,COVID-19,Nation,England,COVID-19_cases_rateRollingMean,f,all,default,2023,2023-06-27,4.3800
infectious_disease,respiratory,COVID-19,Nation,England,COVID-19_cases_rateRollingMean,m,all,default,2023,2023-06-27,3.1100
infectious_disease,respiratory,COVID-19,Nation,England,COVID-19_cases_rateRollingMean,f,all,default,2023,2023-06-26,4.6100
infectious_disease,respiratory,COVID-19,Nation,England,COVID-19_cases_rateRollingMean,m,all,default,2023,2023-06-26,3.2200
infectious_disease,respiratory,COVID-19,Nation,England,COVID-19_cases_rateRollingMean,f,all,default,2023,2023-06-25,4.7700
infectious_disease,respiratory,COVID-19,Nation,England,COVID-19_cases_rateRollingMean,m,all,default,2023,2023-06-25,3.4600
infectious_disease,respiratory,COVID-19,Nation,England,COVID-19_cases_rateRollingMean,f,all,default,2023,2023-06-24,4.9000
infectious_disease,respiratory,COVID-19,Nation,England,COVID-19_cases_rateRollingMean,m,all,default,2023,2023-06-24,3.4900
infectious_disease,respiratory,COVID-19,Nation,England,COVID-19_cases_rateRollingMean,f,all,default,2023,2023-06-23,5.1000
infectious_disease,respiratory,COVID-19,Nation,England,COVID-19_cases_rateRollingMean,m,all,default,2023,2023-06-23,3.5500
infectious_disease,respiratory,COVID-19,Nation,England,COVID-19_cases_rateRollingMean,f,all,default,2023,2023-06-22,5.1700
infectious_disease,respiratory,COVID-19,Nation,England,COVID-19_cases_rateRollingMean,m,all,default,2023,2023-06-22,3.6400
infectious_disease,respiratory,COVID-19,Nation,England,COVID-19_cases_rateRollingMean,f,all,default,2023,2023-06-21,5.2500
infectious_disease,respiratory,COVID-19,Nation,England,COVID-19_cases_rateRollingMean,m,all,default,2023,2023-06-21,3.7000
infectious_disease,respiratory,COVID-19,Nation,England,COVID-19_cases_rateRollingMean,f,all,default,2023,2023-06-20,5.3600
infectious_disease,respiratory,COVID-19,Nation,England,COVID-19_cases_rateRollingMean,m,all,default,2023,2023-06-20,3.9200
infectious_disease,respiratory,COVID-19,Nation,England,COVID-19_cases_rateRollingMean,f,all,default,2023,2023-06-19,5.5400
infectious_disease,respiratory,COVID-19,Nation,England,COVID-19_cases_rateRollingMean,m,all,default,2023,2023-06-19,4.1100
infectious_disease,respiratory,COVID-19,Nation,England,COVID-19_cases_rateRollingMean,f,all,default,2023,2023-06-18,5.8600
infectious_disease,respiratory,COVID-19,Nation,England,COVID-19_cases_rateRollingMean,m,all,default,2023,2023-06-18,4.3600
infectious_disease,respiratory,COVID-19,Nation,England,COVID-19_cases_rateRollingMean,f,all,default,2023,2023-06-17,6.1000
infectious_disease,respiratory,COVID-19,Nation,England,COVID-19_cases_rateRollingMean,m,all,default,2023,2023-06-17,4.6900
infectious_disease,respiratory,COVID-19,Nation,England,COVID-19_cases_rateRollingMean,f,all,default,2023,2023-06-16,6.1500
infectious_disease,respiratory,COVID-19,Nation,England,COVID-19_cases_rateRollingMean,m,all,default,2023,2023-06-16,4.8200
infectious_disease,respiratory,COVID-19,Nation,England,COVID-19_cases_rateRollingMean,f,all,default,2023,2023-06-15,6.4200
infectious_disease,respiratory,COVID-19,Nation,England,COVID-19_cases_rateRollingMean,m,all,default,2023,2023-06-15,5.0000
infectious_disease,respiratory,COVID-19,Nation,England,COVID-19_cases_rateRollingMean,f,all,default,2023,2023-06-14,6.8200
infectious_disease,respiratory,COVID-19,Nation,England,COVID-19_cases_rateRollingMean,m,all,default,2023,2023-06-14,5.2300
infectious_disease,respiratory,COVID-19,Nation,England,COVID-19_cases_rateRollingMean,f,all,default,2023,2023-06-13,7.2800
infectious_disease,respiratory,COVID-19,Nation,England,COVID-19_cases_rateRollingMean,m,all,default,2023,2023-06-13,5.5100
infectious_disease,respiratory,COVID-19,Nation,England,COVID-19_cases_rateRollingMean,f,all,default,2023,2023-06-12,7.7500
infectious_disease,respiratory,COVID-19,Nation,England,COVID-19_cases_rateRollingMean,m,all,default,2023,2023-06-12,5.9500
infectious_disease,respiratory,COVID-19,Nation,England,COVID-19_cases_rateRollingMean,f,all,default,2023,2023-06-11,8.1500
infectious_disease,respiratory,COVID-19,Nation,England,COVID-19_cases_rateRollingMean,m,all,default,2023,2023-06-11,6.3100
infectious_disease,respiratory,COVID-19,Nation,England,COVID-19_cases_rateRollingMean,f,all,default,2023,2023-06-10,8.4400
infectious_disease,respiratory,COVID-19,Nation,England,COVID-19_cases_rateRollingMean,m,all,default,2023,2023-06-10,6.3500
infectious_disease,respiratory,COVID-19,Nation,England,COVID-19_cases_rateRollingMean,f,all,default,2023,2023-06-09,8.7200
infectious_disease,respiratory,COVID-19,Nation,England,COVID-19_cases_rateRollingMean,m,all,default,2023,2023-06-09,6.3700
infectious_disease,respiratory,COVID-19,Nation,England,COVID-19_cases_rateRollingMean,f,all,default,2023,2023-06-08,8.9900
infectious_disease,respiratory,COVID-19,Nation,England,COVID-19_cases_rateRollingMean,m,all,default,2023,2023-06-08,6.4600
infectious_disease,respiratory,COVID-19,Nation,England,COVID-19_cases_rateRollingMean,f,all,default,2023,2023-06-07,9.1600
infectious_disease,respiratory,COVID-19,Nation,England,COVID-19_cases_rateRollingMean,m,all,default,2023,2023-06-07,6.6700
infectious_disease,respiratory,COVID-19,Nation,England,COVID-19_cases_rateRollingMean,f,all,default,2023,2023-06-06,9.4500
infectious_disease,respiratory,COVID-19,Nation,England,COVID-19_cases_rateRollingMean,m,all,default,2023,2023-06-06,6.8200
infectious_disease,respiratory,COVID-19,Nation,England,COVID-19_cases_rateRollingMean,f,all,default,2023,2023-06-05,9.5800
infectious_disease,respiratory,COVID-19,Nation,England,COVID-19_cases_rateRollingMean,m,all,default,2023,2023-06-05,6.7600
infectious_disease,respiratory,COVID-19,Nation,England,COVID-19_cases_rateRollingMean,f,all,default,2023,2023-06-04,9.5400
infectious_disease,respiratory,COVID-19,Nation,England,COVID-19_cases_rateRollingMean,m,all,default,2023,2023-06-04,6.5900
infectious_disease,respiratory,COVID-19,Nation,England,COVID-19_cases_rateRollingMean,f,all,default,2023,2023-06-03,9.4300
infectious_disease,respiratory,COVID-19,Nation,England,COVID-19_cases_rateRollingMean,m,all,default,2023,2023-06-03,6.6400
infectious_disease,respiratory,COVID-19,Nation,England,COVID-19_cases_rateRollingMean,f,all,default,2023,2023-06-02,9.5400
infectious_disease,respiratory,COVID-19,Nation,England,COVID-19_cases_rateRollingMean,m,all,default,2023,2023-06-02,6.8400
infectious_disease,respiratory,COVID-19,Nation,England,COVID-19_cases_rateRollingMean,f,all,default,2023,2023-06-01,9.7600
infectious_disease,respiratory,COVID-19,Nation,England,COVID-19_cases_rateRollingMean,m,all,default,2023,2023-06-01,7.0800
infectious_disease,respiratory,COVID-19,Nation,England,COVID-19_cases_rateRollingMean,f,all,default,2023,2023-05-31,10.0500
infectious_disease,respiratory,COVID-19,Nation,England,COVID-19_cases_rateRollingMean,m,all,default,2023,2023-05-31,7.2900
infectious_disease,respiratory,COVID-19,Nation,England,COVID-19_cases_rateRollingMean,f,all,default,2023,2023-05-30,10.2900
infectious_disease,respiratory,COVID-19,Nation,England,COVID-19_cases_rateRollingMean,m,all,default,2023,2023-05-30,7.4000
infectious_disease,respiratory,COVID-19,Nation,England,COVID-19_cases_rateRollingMean,f,all,default,2023,2023-05-29,10.7500
infectious_disease,respiratory,COVID-19,Nation,England,COVID-19_cases_rateRollingMean,m,all,default,2023,2023-05-29,7.8100
infectious_disease,respiratory,COVID-19,Nation,England,COVID-19_cases_rateRollingMean,f,all,default,2023,2023-05-28,11.4600
infectious_disease,respiratory,COVID-19,Nation,England,COVID-19_cases_rateRollingMean,m,all,default,2023,2023-05-28,8.3100
infectious_disease,respiratory,COVID-19,Nation,England,COVID-19_cases_rateRollingMean,f,all,default,2023,2023-05-27,12.0400
infectious_disease,respiratory,COVID-19,Nation,England,COVID-19_cases_rateRollingMean,m,all,default,2023,2023-05-27,8.7500
infectious_disease,respiratory,COVID-19,Nation,England,COVID-19_cases_rateRollingMean,f,all,default,2023,2023-05-26,12.3600
infectious_disease,respiratory,COVID-19,Nation,England,COVID-19_cases_rateRollingMean,m,all,default,2023,2023-05-26,8.9800
infectious_disease,respiratory,COVID-19,Nation,England,COVID-19_cases_rateRollingMean,f,all,default,2023,2023-05-25,12.7700
infectious_disease,respiratory,COVID-19,Nation,England,COVID-19_cases_rateRollingMean,m,all,default,2023,2023-05-25,9.1500
infectious_disease,respiratory,COVID-19,Nation,England,COVID-19_cases_rateRollingMean,f,all,default,2023,2023-05-24,13.0900
infectious_disease,respiratory,COVID-19,Nation,England,COVID-19_cases_rateRollingMean,m,all,default,2023,2023-05-24,9.3300
infectious_disease,respiratory,COVID-19,Nation,England,COVID-19_cases_rateRollingMean,f,all,default,2023,2023-05-23,13.1700
infectious_disease,respiratory,COVID-19,Nation,England,COVID-19_cases_rateRollingMean,m,all,default,2023,2023-05-23,9.5200
infectious_disease,respiratory,COVID-19,Nation,England,COVID-19_cases_rateRollingMean,f,all,default,2023,2023-05-22,13.2800
infectious_disease,respiratory,COVID-19,Nation,England,COVID-19_cases_rateRollingMean,m,all,default,2023,2023-05-22,9.5300
infectious_disease,respiratory,COVID-19,Nation,England,COVID-19_cases_rateRollingMean,f,all,default,2023,2023-05-21,13.3200
infectious_disease,respiratory,COVID-19,Nation,England,COVID-19_cases_rateRollingMean,m,all,default,2023,2023-05-21,9.5900
infectious_disease,respiratory,COVID-19,Nation,England,COVID-19_cases_rateRollingMean,f,all,default,2023,2023-05-20,13.7500
infectious_disease,respiratory,COVID-19,Nation,England,COVID-19_cases_rateRollingMean,m,all,default,2023,2023-05-20,9.6800
infectious_disease,respiratory,COVID-19,Nation,England,COVID-19_cases_rateRollingMean,f,all,default,2023,2023-05-19,13.8700
infectious_disease,respiratory,COVID-19,Nation,England,COVID-19_cases_rateRollingMean,m,all,default,2023,2023-05-19,9.7700
infectious_disease,respiratory,COVID-19,Nation,England,COVID-19_cases_rateRollingMean,f,all,default,2023,2023-05-18,14.0000
infectious_disease,respiratory,COVID-19,Nation,England,COVID-19_cases_rateRollingMean,m,all,default,2023,2023-05-18,9.8800
infectious_disease,respiratory,COVID-19,Nation,England,COVID-19_cases_rateRollingMean,f,all,default,2023,2023-05-17,14.4600
infectious_disease,respiratory,COVID-19,Nation,England,COVID-19_cases_rateRollingMean,m,all,default,2023,2023-05-17,10.1900
infectious_disease,respiratory,COVID-19,Nation,England,COVID-19_cases_rateRollingMean,f,all,default,2023,2023-05-16,15.0900
infectious_disease,respiratory,COVID-19,Nation,England,COVID-19_cases_rateRollingMean,m,all,default,2023,2023-05-16,10.4800
infectious_disease,respiratory,COVID-19,Nation,England,COVID-19_cases_rateRollingMean,f,all,default,2023,2023-05-15,15.9200
infectious_disease,respiratory,COVID-19,Nation,England,COVID-19_cases_rateRollingMean,m,all,default,2023,2023-05-15,10.9300
infectious_disease,respiratory,COVID-19,Nation,England,COVID-19_cases_rateRollingMean,f,all,default,2023,2023-05-14,16.3500
infectious_disease,respiratory,COVID-19,Nation,England,COVID-19_cases_rateRollingMean,m,all,default,2023,2023-05-14,11.1800
infectious_disease,respiratory,COVID-19,Nation,England,COVID-19_cases_rateRollingMean,f,all,default,2023,2023-05-13,16.4100
infectious_disease,respiratory,COVID-19,Nation,England,COVID-19_cases_rateRollingMean,m,all,default,2023,2023-05-13,11.3900
infectious_disease,respiratory,COVID-19,Nation,England,COVID-19_cases_rateRollingMean,f,all,default,2023,2023-05-12,16.7600
infectious_disease,respiratory,COVID-19,Nation,England,COVID-19_cases_rateRollingMean,m,all,default,2023,2023-05-12,11.6000
infectious_disease,respiratory,COVID-19,Nation,England,COVID-19_cases_rateRollingMean,f,all,default,2023,2023-05-11,17.2800
infectious_disease,respiratory,COVID-19,Nation,England,COVID-19_cases_rateRollingMean,m,all,default,2023,2023-05-11,11.9200
infectious_disease,respiratory,COVID-19,Nation,England,COVID-19_cases_rateRollingMean,f,all,default,2023,2023-05-10,18.0700
infectious_disease,respiratory,COVID-19,Nation,England,COVID-19_cases_rateRollingMean,m,all,default,2023,2023-05-10,12.1000
infectious_disease,respiratory,COVID-19,Nation,England,COVID-19_cases_rateRollingMean,f,all,default,2023,2023-05-09,18.6400
infectious_disease,respiratory,COVID-19,Nation,England,COVID-19_cases_rateRollingMean,m,all,default,2023,2023-05-09,12.4700
infectious_disease,respiratory,COVID-19,Nation,England,COVID-19_cases_rateRollingMean,f,all,default,2023,2023-05-08,19.4400
infectious_disease,respiratory,COVID-19,Nation,England,COVID-19_cases_rateRollingMean,m,all,default,2023,2023-05-08,12.8100
infectious_disease,respiratory,COVID-19,Nation,England,COVID-19_cases_rateRollingMean,f,all,default,2023,2023-05-07,20.2700
infectious_disease,respiratory,COVID-19,Nation,England,COVID-19_cases_rateRollingMean,m,all,default,2023,2023-05-07,13.1300
infectious_disease,respiratory,COVID-19,Nation,England,COVID-19_cases_rateRollingMean,f,all,default,2023,2023-05-06,20.5800
infectious_disease,respiratory,COVID-19,Nation,England,COVID-19_cases_rateRollingMean,m,all,default,2023,2023-05-06,13.3000
infectious_disease,respiratory,COVID-19,Nation,England,COVID-19_cases_rateRollingMean,f,all,default,2023,2023-05-05,21.1200
infectious_disease,respiratory,COVID-19,Nation,England,COVID-19_cases_rateRollingMean,m,all,default,2023,2023-05-05,13.6900
infectious_disease,respiratory,COVID-19,Nation,England,COVID-19_cases_rateRollingMean,f,all,default,2023,2023-05-04,21.4800
infectious_disease,respiratory,COVID-19,Nation,England,COVID-19_cases_rateRollingMean,m,all,default,2023,2023-05-04,13.9100
infectious_disease,respiratory,COVID-19,Nation,England,COVID-19_cases_rateRollingMean,f,all,default,2023,2023-05-03,21.3600
infectious_disease,respiratory,COVID-19,Nation,England,COVID-19_cases_rateRollingMean,m,all,default,2023,2023-05-03,14.1300
infectious_disease,respiratory,COVID-19,Nation,England,COVID-19_cases_rateRollingMean,f,all,default,2023,2023-05-02,21.4700
infectious_disease,respiratory,COVID-19,Nation,England,COVID-19_cases_rateRollingMean,m,all,default,2023,2023-05-02,14.1300
infectious_disease,respiratory,COVID-19,Nation,England,COVID-19_cases_rateRollingMean,f,all,default,2023,2023-05-01,20.8900
infectious_disease,respiratory,COVID-19,Nation,England,COVID-19_cases_rateRollingMean,m,all,default,2023,2023-05-01,14.1000
